"SUBJECT","Subject","LOCATION","Country","MEASURE","Measure","FREQUENCY","Frequency","TIME","Time","Unit Code","Unit","PowerCode Code","PowerCode","Reference Period Code","Reference Period","Value","Flag Codes","Flags"
"B6BLTT02","Current account as a % of GDP, s.a.","FIN","Finland","ST","Level, ratio or index","A","Annual","1995","1995","PC","Percentage","0","Units",,,4.15948239523802,,
"B6BLTT02","Current account as a % of GDP, s.a.","FIN","Finland","ST","Level, ratio or index","A","Annual","1996","1996","PC","Percentage","0","Units",,,3.86439033139548,,
"B6BLTT02","Current account as a % of GDP, s.a.","FIN","Finland","ST","Level, ratio or index","A","Annual","1997","1997","PC","Percentage","0","Units",,,5.12756636058555,,
"B6BLTT02","Current account as a % of GDP, s.a.","FIN","Finland","ST","Level, ratio or index","A","Annual","1998","1998","PC","Percentage","0","Units",,,5.11696588240037,,
"B6BLTT02","Current account as a % of GDP, s.a.","FIN","Finland","ST","Level, ratio or index","A","Annual","1999","1999","PC","Percentage","0","Units",,,5.16241423658335,,
"B6BLTT02","Current account as a % of GDP, s.a.","FIN","Finland","ST","Level, ratio or index","A","Annual","2000","2000","PC","Percentage","0","Units",,,7.53918971656119,,
"B6BLTT02","Current account as a % of GDP, s.a.","FIN","Finland","ST","Level, ratio or index","A","Annual","2001","2001","PC","Percentage","0","Units",,,8.0594813529108,,
"B6BLTT02","Current account as a % of GDP, s.a.","FIN","Finland","ST","Level, ratio or index","A","Annual","2002","2002","PC","Percentage","0","Units",,,8.22249499143476,,
"B6BLTT02","Current account as a % of GDP, s.a.","FIN","Finland","ST","Level, ratio or index","A","Annual","2003","2003","PC","Percentage","0","Units",,,4.64415591718963,,
"B6BLTT02","Current account as a % of GDP, s.a.","FIN","Finland","ST","Level, ratio or index","A","Annual","2004","2004","PC","Percentage","0","Units",,,5.76413907909174,,
"B6BLTT02","Current account as a % of GDP, s.a.","FIN","Finland","ST","Level, ratio or index","A","Annual","2005","2005","PC","Percentage","0","Units",,,3.04701746087107,,
"B6BLTT02","Current account as a % of GDP, s.a.","FIN","Finland","ST","Level, ratio or index","A","Annual","2006","2006","PC","Percentage","0","Units",,,3.80019345091644,,
"B6BLTT02","Current account as a % of GDP, s.a.","FIN","Finland","ST","Level, ratio or index","A","Annual","2007","2007","PC","Percentage","0","Units",,,3.84649920815526,,
"B6BLTT02","Current account as a % of GDP, s.a.","FIN","Finland","ST","Level, ratio or index","A","Annual","2008","2008","PC","Percentage","0","Units",,,2.24662633041299,,
"B6BLTT02","Current account as a % of GDP, s.a.","FIN","Finland","ST","Level, ratio or index","A","Annual","2009","2009","PC","Percentage","0","Units",,,1.91217501351458,,
"B6BLTT02","Current account as a % of GDP, s.a.","FIN","Finland","ST","Level, ratio or index","A","Annual","2010","2010","PC","Percentage","0","Units",,,1.22832249780865,,
"B6BLTT02","Current account as a % of GDP, s.a.","FIN","Finland","ST","Level, ratio or index","A","Annual","2011","2011","PC","Percentage","0","Units",,,-1.76711579527161,,
"B6BLTT02","Current account as a % of GDP, s.a.","FIN","Finland","ST","Level, ratio or index","A","Annual","2012","2012","PC","Percentage","0","Units",,,-1.93203470762498,,
"B6BLTT02","Current account as a % of GDP, s.a.","FIN","Finland","ST","Level, ratio or index","A","Annual","2013","2013","PC","Percentage","0","Units",,,-1.59645733873896,,
"B6BLTT02","Current account as a % of GDP, s.a.","FIN","Finland","ST","Level, ratio or index","A","Annual","2014","2014","PC","Percentage","0","Units",,,-1.25842223490382,,
"B6BLTT02","Current account as a % of GDP, s.a.","FIN","Finland","ST","Level, ratio or index","A","Annual","2015","2015","PC","Percentage","0","Units",,,-0.594784502435606,,
"B6BLTT02","Current account as a % of GDP, s.a.","FIN","Finland","ST","Level, ratio or index","A","Annual","2016","2016","PC","Percentage","0","Units",,,-1.0614801432342,,
"B6BLTT02","Current account as a % of GDP, s.a.","GRC","Greece","ST","Level, ratio or index","A","Annual","2002","2002","PC","Percentage","0","Units",,,-6.83038529268876,,
"B6BLTT02","Current account as a % of GDP, s.a.","GRC","Greece","ST","Level, ratio or index","A","Annual","2003","2003","PC","Percentage","0","Units",,,-8.45085836402641,,
"B6BLTT02","Current account as a % of GDP, s.a.","GRC","Greece","ST","Level, ratio or index","A","Annual","2004","2004","PC","Percentage","0","Units",,,-7.71026327082189,,
"B6BLTT02","Current account as a % of GDP, s.a.","GRC","Greece","ST","Level, ratio or index","A","Annual","2005","2005","PC","Percentage","0","Units",,,-8.87060575991464,,
"B6BLTT02","Current account as a % of GDP, s.a.","GRC","Greece","ST","Level, ratio or index","A","Annual","2006","2006","PC","Percentage","0","Units",,,-11.4861929104867,,
"B6BLTT02","Current account as a % of GDP, s.a.","GRC","Greece","ST","Level, ratio or index","A","Annual","2007","2007","PC","Percentage","0","Units",,,-15.1877186296866,,
"B6BLTT02","Current account as a % of GDP, s.a.","GRC","Greece","ST","Level, ratio or index","A","Annual","2008","2008","PC","Percentage","0","Units",,,-15.1125836099135,,
"B6BLTT02","Current account as a % of GDP, s.a.","GRC","Greece","ST","Level, ratio or index","A","Annual","2009","2009","PC","Percentage","0","Units",,,-12.3460126121717,,
"B6BLTT02","Current account as a % of GDP, s.a.","GRC","Greece","ST","Level, ratio or index","A","Annual","2010","2010","PC","Percentage","0","Units",,,-11.3838142077917,,
"B6BLTT02","Current account as a % of GDP, s.a.","GRC","Greece","ST","Level, ratio or index","A","Annual","2011","2011","PC","Percentage","0","Units",,,-10.0029524697895,"P","Provisional value"
"B6BLTT02","Current account as a % of GDP, s.a.","GRC","Greece","ST","Level, ratio or index","A","Annual","2012","2012","PC","Percentage","0","Units",,,-3.82994263626111,"P","Provisional value"
"B6BLTT02","Current account as a % of GDP, s.a.","GRC","Greece","ST","Level, ratio or index","A","Annual","2013","2013","PC","Percentage","0","Units",,,-2.04036132767601,"P","Provisional value"
"B6BLTT02","Current account as a % of GDP, s.a.","GRC","Greece","ST","Level, ratio or index","A","Annual","2014","2014","PC","Percentage","0","Units",,,-1.63931125788972,"P","Provisional value"
"B6BLTT02","Current account as a % of GDP, s.a.","GRC","Greece","ST","Level, ratio or index","A","Annual","2015","2015","PC","Percentage","0","Units",,,0.117133186225808,"P","Provisional value"
"B6BLTT02","Current account as a % of GDP, s.a.","GRC","Greece","ST","Level, ratio or index","A","Annual","2016","2016","PC","Percentage","0","Units",,,-0.627558961892827,"P","Provisional value"
"B6BLTT02","Current account as a % of GDP, s.a.","GBR","United Kingdom","ST","Level, ratio or index","A","Annual","1991","1991","PC","Percentage","0","Units",,,-1.33273546712357,,
"B6BLTT02","Current account as a % of GDP, s.a.","GBR","United Kingdom","ST","Level, ratio or index","A","Annual","1992","1992","PC","Percentage","0","Units",,,-1.54051937431128,,
"B6BLTT02","Current account as a % of GDP, s.a.","GBR","United Kingdom","ST","Level, ratio or index","A","Annual","1993","1993","PC","Percentage","0","Units",,,-1.34050590352629,,
"B6BLTT02","Current account as a % of GDP, s.a.","GBR","United Kingdom","ST","Level, ratio or index","A","Annual","1994","1994","PC","Percentage","0","Units",,,-0.491413746035569,,
"B6BLTT02","Current account as a % of GDP, s.a.","GBR","United Kingdom","ST","Level, ratio or index","A","Annual","1995","1995","PC","Percentage","0","Units",,,-0.681291729118408,,
"B6BLTT02","Current account as a % of GDP, s.a.","GBR","United Kingdom","ST","Level, ratio or index","A","Annual","1996","1996","PC","Percentage","0","Units",,,-0.581588083771979,,
"B6BLTT02","Current account as a % of GDP, s.a.","GBR","United Kingdom","ST","Level, ratio or index","A","Annual","1997","1997","PC","Percentage","0","Units",,,-0.206954215507187,,
"B6BLTT02","Current account as a % of GDP, s.a.","GBR","United Kingdom","ST","Level, ratio or index","A","Annual","1998","1998","PC","Percentage","0","Units",,,-0.427110663179327,,
"B6BLTT02","Current account as a % of GDP, s.a.","GBR","United Kingdom","ST","Level, ratio or index","A","Annual","1999","1999","PC","Percentage","0","Units",,,-2.41391297535754,,
"B6BLTT02","Current account as a % of GDP, s.a.","GBR","United Kingdom","ST","Level, ratio or index","A","Annual","2000","2000","PC","Percentage","0","Units",,,-2.14902351176791,,
"B6BLTT02","Current account as a % of GDP, s.a.","GBR","United Kingdom","ST","Level, ratio or index","A","Annual","2001","2001","PC","Percentage","0","Units",,,-1.94016464761395,,
"B6BLTT02","Current account as a % of GDP, s.a.","GBR","United Kingdom","ST","Level, ratio or index","A","Annual","2002","2002","PC","Percentage","0","Units",,,-1.99812049951733,,
"B6BLTT02","Current account as a % of GDP, s.a.","GBR","United Kingdom","ST","Level, ratio or index","A","Annual","2003","2003","PC","Percentage","0","Units",,,-1.65423289004217,,
"B6BLTT02","Current account as a % of GDP, s.a.","GBR","United Kingdom","ST","Level, ratio or index","A","Annual","2004","2004","PC","Percentage","0","Units",,,-1.76308210601177,,
"B6BLTT02","Current account as a % of GDP, s.a.","GBR","United Kingdom","ST","Level, ratio or index","A","Annual","2005","2005","PC","Percentage","0","Units",,,-1.21373844925938,,
"B6BLTT02","Current account as a % of GDP, s.a.","GBR","United Kingdom","ST","Level, ratio or index","A","Annual","2006","2006","PC","Percentage","0","Units",,,-2.22327711995515,,
"B6BLTT02","Current account as a % of GDP, s.a.","GBR","United Kingdom","ST","Level, ratio or index","A","Annual","2007","2007","PC","Percentage","0","Units",,,-2.44890227253428,,
"B6BLTT02","Current account as a % of GDP, s.a.","GBR","United Kingdom","ST","Level, ratio or index","A","Annual","2008","2008","PC","Percentage","0","Units",,,-3.51618537166646,,
"B6BLTT02","Current account as a % of GDP, s.a.","GBR","United Kingdom","ST","Level, ratio or index","A","Annual","2009","2009","PC","Percentage","0","Units",,,-2.9504580248628,,
"B6BLTT02","Current account as a % of GDP, s.a.","GBR","United Kingdom","ST","Level, ratio or index","A","Annual","2010","2010","PC","Percentage","0","Units",,,-2.73854820441365,,
"B6BLTT02","Current account as a % of GDP, s.a.","GBR","United Kingdom","ST","Level, ratio or index","A","Annual","2011","2011","PC","Percentage","0","Units",,,-1.78643152196743,,
"B6BLTT02","Current account as a % of GDP, s.a.","GBR","United Kingdom","ST","Level, ratio or index","A","Annual","2012","2012","PC","Percentage","0","Units",,,-3.66754544955237,,
"B6BLTT02","Current account as a % of GDP, s.a.","GBR","United Kingdom","ST","Level, ratio or index","A","Annual","2013","2013","PC","Percentage","0","Units",,,-4.39432202225501,,
"B6BLTT02","Current account as a % of GDP, s.a.","GBR","United Kingdom","ST","Level, ratio or index","A","Annual","2014","2014","PC","Percentage","0","Units",,,-4.6638646240288,,
"B6BLTT02","Current account as a % of GDP, s.a.","GBR","United Kingdom","ST","Level, ratio or index","A","Annual","2015","2015","PC","Percentage","0","Units",,,-4.28431677234217,,
"B6BLTT02","Current account as a % of GDP, s.a.","GBR","United Kingdom","ST","Level, ratio or index","A","Annual","2016","2016","PC","Percentage","0","Units",,,-4.3566914840251,,
"B6BLTT02","Current account as a % of GDP, s.a.","EST","Estonia","ST","Level, ratio or index","A","Annual","1995","1995","PC","Percentage","0","Units",,,-4.21487578176507,,
"B6BLTT02","Current account as a % of GDP, s.a.","EST","Estonia","ST","Level, ratio or index","A","Annual","1996","1996","PC","Percentage","0","Units",,,-8.36889785458939,,
"B6BLTT02","Current account as a % of GDP, s.a.","EST","Estonia","ST","Level, ratio or index","A","Annual","1997","1997","PC","Percentage","0","Units",,,-11.0697494999169,,
"B6BLTT02","Current account as a % of GDP, s.a.","EST","Estonia","ST","Level, ratio or index","A","Annual","1998","1998","PC","Percentage","0","Units",,,-8.57015637343202,,
"B6BLTT02","Current account as a % of GDP, s.a.","EST","Estonia","ST","Level, ratio or index","A","Annual","1999","1999","PC","Percentage","0","Units",,,-4.30831017200261,,
"B6BLTT02","Current account as a % of GDP, s.a.","EST","Estonia","ST","Level, ratio or index","A","Annual","2000","2000","PC","Percentage","0","Units",,,-5.3070562564017,,
"B6BLTT02","Current account as a % of GDP, s.a.","EST","Estonia","ST","Level, ratio or index","A","Annual","2001","2001","PC","Percentage","0","Units",,,-7.06774039549571,,
"B6BLTT02","Current account as a % of GDP, s.a.","EST","Estonia","ST","Level, ratio or index","A","Annual","2002","2002","PC","Percentage","0","Units",,,-11.1399795848258,,
"B6BLTT02","Current account as a % of GDP, s.a.","EST","Estonia","ST","Level, ratio or index","A","Annual","2003","2003","PC","Percentage","0","Units",,,-12.9042744792139,,
"B6BLTT02","Current account as a % of GDP, s.a.","EST","Estonia","ST","Level, ratio or index","A","Annual","2004","2004","PC","Percentage","0","Units",,,-12.0788849778137,,
"B6BLTT02","Current account as a % of GDP, s.a.","EST","Estonia","ST","Level, ratio or index","A","Annual","2005","2005","PC","Percentage","0","Units",,,-8.67620383054109,,
"B6BLTT02","Current account as a % of GDP, s.a.","EST","Estonia","ST","Level, ratio or index","A","Annual","2006","2006","PC","Percentage","0","Units",,,-14.9339519637527,,
"B6BLTT02","Current account as a % of GDP, s.a.","EST","Estonia","ST","Level, ratio or index","A","Annual","2007","2007","PC","Percentage","0","Units",,,-15.0893940617435,,
"B6BLTT02","Current account as a % of GDP, s.a.","EST","Estonia","ST","Level, ratio or index","A","Annual","2008","2008","PC","Percentage","0","Units",,,-8.6713755061909,,
"B6BLTT02","Current account as a % of GDP, s.a.","EST","Estonia","ST","Level, ratio or index","A","Annual","2009","2009","PC","Percentage","0","Units",,,2.55685182097439,,
"B6BLTT02","Current account as a % of GDP, s.a.","EST","Estonia","ST","Level, ratio or index","A","Annual","2010","2010","PC","Percentage","0","Units",,,1.80944555540431,,
"B6BLTT02","Current account as a % of GDP, s.a.","EST","Estonia","ST","Level, ratio or index","A","Annual","2011","2011","PC","Percentage","0","Units",,,1.30850108585536,,
"B6BLTT02","Current account as a % of GDP, s.a.","EST","Estonia","ST","Level, ratio or index","A","Annual","2012","2012","PC","Percentage","0","Units",,,-1.92489752483817,,
"B6BLTT02","Current account as a % of GDP, s.a.","EST","Estonia","ST","Level, ratio or index","A","Annual","2013","2013","PC","Percentage","0","Units",,,-0.343013577418701,,
"B6BLTT02","Current account as a % of GDP, s.a.","EST","Estonia","ST","Level, ratio or index","A","Annual","2014","2014","PC","Percentage","0","Units",,,0.905749333591966,,
"B6BLTT02","Current account as a % of GDP, s.a.","EST","Estonia","ST","Level, ratio or index","A","Annual","2015","2015","PC","Percentage","0","Units",,,2.21275913194996,,
"B6BLTT02","Current account as a % of GDP, s.a.","EST","Estonia","ST","Level, ratio or index","A","Annual","2016","2016","PC","Percentage","0","Units",,,2.03242191750628,,
"B6BLTT02","Current account as a % of GDP, s.a.","CAN","Canada","ST","Level, ratio or index","A","Annual","1991","1991","PC","Percentage","0","Units",,,-3.75176376441209,,
"B6BLTT02","Current account as a % of GDP, s.a.","CAN","Canada","ST","Level, ratio or index","A","Annual","1992","1992","PC","Percentage","0","Units",,,-3.63982519485949,,
"B6BLTT02","Current account as a % of GDP, s.a.","CAN","Canada","ST","Level, ratio or index","A","Annual","1993","1993","PC","Percentage","0","Units",,,-3.86005427431898,,
"B6BLTT02","Current account as a % of GDP, s.a.","CAN","Canada","ST","Level, ratio or index","A","Annual","1994","1994","PC","Percentage","0","Units",,,-2.40899566551037,,
"B6BLTT02","Current account as a % of GDP, s.a.","CAN","Canada","ST","Level, ratio or index","A","Annual","1995","1995","PC","Percentage","0","Units",,,-0.861725650957048,,
"B6BLTT02","Current account as a % of GDP, s.a.","CAN","Canada","ST","Level, ratio or index","A","Annual","1996","1996","PC","Percentage","0","Units",,,0.38747936769606,,
"B6BLTT02","Current account as a % of GDP, s.a.","CAN","Canada","ST","Level, ratio or index","A","Annual","1997","1997","PC","Percentage","0","Units",,,-1.36894644922567,,
"B6BLTT02","Current account as a % of GDP, s.a.","CAN","Canada","ST","Level, ratio or index","A","Annual","1998","1998","PC","Percentage","0","Units",,,-1.39836326646741,,
"B6BLTT02","Current account as a % of GDP, s.a.","CAN","Canada","ST","Level, ratio or index","A","Annual","1999","1999","PC","Percentage","0","Units",,,0.112223956527984,,
"B6BLTT02","Current account as a % of GDP, s.a.","CAN","Canada","ST","Level, ratio or index","A","Annual","2000","2000","PC","Percentage","0","Units",,,2.49578225338912,,
"B6BLTT02","Current account as a % of GDP, s.a.","CAN","Canada","ST","Level, ratio or index","A","Annual","2001","2001","PC","Percentage","0","Units",,,2.12506326649966,,
"B6BLTT02","Current account as a % of GDP, s.a.","CAN","Canada","ST","Level, ratio or index","A","Annual","2002","2002","PC","Percentage","0","Units",,,1.66087760390442,,
"B6BLTT02","Current account as a % of GDP, s.a.","CAN","Canada","ST","Level, ratio or index","A","Annual","2003","2003","PC","Percentage","0","Units",,,1.13636466114381,,
"B6BLTT02","Current account as a % of GDP, s.a.","CAN","Canada","ST","Level, ratio or index","A","Annual","2004","2004","PC","Percentage","0","Units",,,2.269712193693,,
"B6BLTT02","Current account as a % of GDP, s.a.","CAN","Canada","ST","Level, ratio or index","A","Annual","2005","2005","PC","Percentage","0","Units",,,1.82274012924542,,
"B6BLTT02","Current account as a % of GDP, s.a.","CAN","Canada","ST","Level, ratio or index","A","Annual","2006","2006","PC","Percentage","0","Units",,,1.3673988188864,,
"B6BLTT02","Current account as a % of GDP, s.a.","CAN","Canada","ST","Level, ratio or index","A","Annual","2007","2007","PC","Percentage","0","Units",,,0.760979256924179,,
"B6BLTT02","Current account as a % of GDP, s.a.","CAN","Canada","ST","Level, ratio or index","A","Annual","2008","2008","PC","Percentage","0","Units",,,0.0766122222903607,,
"B6BLTT02","Current account as a % of GDP, s.a.","CAN","Canada","ST","Level, ratio or index","A","Annual","2009","2009","PC","Percentage","0","Units",,,-2.94782100326326,,
"B6BLTT02","Current account as a % of GDP, s.a.","CAN","Canada","ST","Level, ratio or index","A","Annual","2010","2010","PC","Percentage","0","Units",,,-3.61356941846081,,
"B6BLTT02","Current account as a % of GDP, s.a.","CAN","Canada","ST","Level, ratio or index","A","Annual","2011","2011","PC","Percentage","0","Units",,,-2.77810823228124,,
"B6BLTT02","Current account as a % of GDP, s.a.","CAN","Canada","ST","Level, ratio or index","A","Annual","2012","2012","PC","Percentage","0","Units",,,-3.60217109342181,,
"B6BLTT02","Current account as a % of GDP, s.a.","CAN","Canada","ST","Level, ratio or index","A","Annual","2013","2013","PC","Percentage","0","Units",,,-3.22207506187017,,
"B6BLTT02","Current account as a % of GDP, s.a.","CAN","Canada","ST","Level, ratio or index","A","Annual","2014","2014","PC","Percentage","0","Units",,,-2.4299458856554,,
"B6BLTT02","Current account as a % of GDP, s.a.","CAN","Canada","ST","Level, ratio or index","A","Annual","2015","2015","PC","Percentage","0","Units",,,-3.40148534086334,,
"B6BLTT02","Current account as a % of GDP, s.a.","CAN","Canada","ST","Level, ratio or index","A","Annual","2016","2016","PC","Percentage","0","Units",,,-3.31038382067261,,
"B6BLTT02","Current account as a % of GDP, s.a.","FRA","France","ST","Level, ratio or index","A","Annual","1999","1999","PC","Percentage","0","Units",,,3.40917347620057,,
"B6BLTT02","Current account as a % of GDP, s.a.","FRA","France","ST","Level, ratio or index","A","Annual","2000","2000","PC","Percentage","0","Units",,,1.19594755000328,,
"B6BLTT02","Current account as a % of GDP, s.a.","FRA","France","ST","Level, ratio or index","A","Annual","2001","2001","PC","Percentage","0","Units",,,1.50878217940001,,
"B6BLTT02","Current account as a % of GDP, s.a.","FRA","France","ST","Level, ratio or index","A","Annual","2002","2002","PC","Percentage","0","Units",,,1.17677008717814,,
"B6BLTT02","Current account as a % of GDP, s.a.","FRA","France","ST","Level, ratio or index","A","Annual","2003","2003","PC","Percentage","0","Units",,,0.865224666855686,,
"B6BLTT02","Current account as a % of GDP, s.a.","FRA","France","ST","Level, ratio or index","A","Annual","2004","2004","PC","Percentage","0","Units",,,0.443943934185937,,
"B6BLTT02","Current account as a % of GDP, s.a.","FRA","France","ST","Level, ratio or index","A","Annual","2005","2005","PC","Percentage","0","Units",,,-0.0175217908375811,,
"B6BLTT02","Current account as a % of GDP, s.a.","FRA","France","ST","Level, ratio or index","A","Annual","2006","2006","PC","Percentage","0","Units",,,0.0369288688655497,,
"B6BLTT02","Current account as a % of GDP, s.a.","FRA","France","ST","Level, ratio or index","A","Annual","2007","2007","PC","Percentage","0","Units",,,-0.292845958425157,,
"B6BLTT02","Current account as a % of GDP, s.a.","FRA","France","ST","Level, ratio or index","A","Annual","2008","2008","PC","Percentage","0","Units",,,-0.956151605071292,,
"B6BLTT02","Current account as a % of GDP, s.a.","FRA","France","ST","Level, ratio or index","A","Annual","2009","2009","PC","Percentage","0","Units",,,-0.832008769595248,,
"B6BLTT02","Current account as a % of GDP, s.a.","FRA","France","ST","Level, ratio or index","A","Annual","2010","2010","PC","Percentage","0","Units",,,-0.83921390307958,,
"B6BLTT02","Current account as a % of GDP, s.a.","FRA","France","ST","Level, ratio or index","A","Annual","2011","2011","PC","Percentage","0","Units",,,-0.991249547419396,,
"B6BLTT02","Current account as a % of GDP, s.a.","FRA","France","ST","Level, ratio or index","A","Annual","2012","2012","PC","Percentage","0","Units",,,-1.22050315697398,,
"B6BLTT02","Current account as a % of GDP, s.a.","FRA","France","ST","Level, ratio or index","A","Annual","2013","2013","PC","Percentage","0","Units",,,-0.872839210876735,,
"B6BLTT02","Current account as a % of GDP, s.a.","FRA","France","ST","Level, ratio or index","A","Annual","2014","2014","PC","Percentage","0","Units",,,-1.06325188455808,,
"B6BLTT02","Current account as a % of GDP, s.a.","FRA","France","ST","Level, ratio or index","A","Annual","2015","2015","PC","Percentage","0","Units",,,-0.196139219451548,,
"B6BLTT02","Current account as a % of GDP, s.a.","FRA","France","ST","Level, ratio or index","A","Annual","2016","2016","PC","Percentage","0","Units",,,-0.91511736800603,,
"B6BLTT02","Current account as a % of GDP, s.a.","HUN","Hungary","ST","Level, ratio or index","A","Annual","1995","1995","PC","Percentage","0","Units",,,-3.1939920076583,,
"B6BLTT02","Current account as a % of GDP, s.a.","HUN","Hungary","ST","Level, ratio or index","A","Annual","1996","1996","PC","Percentage","0","Units",,,-3.61856319779818,,
"B6BLTT02","Current account as a % of GDP, s.a.","HUN","Hungary","ST","Level, ratio or index","A","Annual","1997","1997","PC","Percentage","0","Units",,,-3.99245665532507,,
"B6BLTT02","Current account as a % of GDP, s.a.","HUN","Hungary","ST","Level, ratio or index","A","Annual","1998","1998","PC","Percentage","0","Units",,,-7.07419655560343,,
"B6BLTT02","Current account as a % of GDP, s.a.","HUN","Hungary","ST","Level, ratio or index","A","Annual","1999","1999","PC","Percentage","0","Units",,,-7.9194793616128,,
"B6BLTT02","Current account as a % of GDP, s.a.","HUN","Hungary","ST","Level, ratio or index","A","Annual","2000","2000","PC","Percentage","0","Units",,,-8.431721815144,,
"B6BLTT02","Current account as a % of GDP, s.a.","HUN","Hungary","ST","Level, ratio or index","A","Annual","2001","2001","PC","Percentage","0","Units",,,-5.86158982758323,,
"B6BLTT02","Current account as a % of GDP, s.a.","HUN","Hungary","ST","Level, ratio or index","A","Annual","2002","2002","PC","Percentage","0","Units",,,-6.2576562239265,,
"B6BLTT02","Current account as a % of GDP, s.a.","HUN","Hungary","ST","Level, ratio or index","A","Annual","2003","2003","PC","Percentage","0","Units",,,-8.00378954778983,,
"B6BLTT02","Current account as a % of GDP, s.a.","HUN","Hungary","ST","Level, ratio or index","A","Annual","2004","2004","PC","Percentage","0","Units",,,-8.55951662687992,,
"B6BLTT02","Current account as a % of GDP, s.a.","HUN","Hungary","ST","Level, ratio or index","A","Annual","2005","2005","PC","Percentage","0","Units",,,-6.99980462088453,,
"B6BLTT02","Current account as a % of GDP, s.a.","HUN","Hungary","ST","Level, ratio or index","A","Annual","2006","2006","PC","Percentage","0","Units",,,-7.05775592329331,,
"B6BLTT02","Current account as a % of GDP, s.a.","HUN","Hungary","ST","Level, ratio or index","A","Annual","2007","2007","PC","Percentage","0","Units",,,-7.10301446109182,,
"B6BLTT02","Current account as a % of GDP, s.a.","HUN","Hungary","ST","Level, ratio or index","A","Annual","2008","2008","PC","Percentage","0","Units",,,-7.00678815658434,,
"B6BLTT02","Current account as a % of GDP, s.a.","HUN","Hungary","ST","Level, ratio or index","A","Annual","2009","2009","PC","Percentage","0","Units",,,-0.810414864554206,,
"B6BLTT02","Current account as a % of GDP, s.a.","HUN","Hungary","ST","Level, ratio or index","A","Annual","2010","2010","PC","Percentage","0","Units",,,0.30014332373328,,
"B6BLTT02","Current account as a % of GDP, s.a.","HUN","Hungary","ST","Level, ratio or index","A","Annual","2011","2011","PC","Percentage","0","Units",,,0.758373743990153,,
"B6BLTT02","Current account as a % of GDP, s.a.","HUN","Hungary","ST","Level, ratio or index","A","Annual","2012","2012","PC","Percentage","0","Units",,,1.74311470547337,,
"B6BLTT02","Current account as a % of GDP, s.a.","HUN","Hungary","ST","Level, ratio or index","A","Annual","2013","2013","PC","Percentage","0","Units",,,3.77365034948097,,
"B6BLTT02","Current account as a % of GDP, s.a.","HUN","Hungary","ST","Level, ratio or index","A","Annual","2014","2014","PC","Percentage","0","Units",,,2.04019858237281,,
"B6BLTT02","Current account as a % of GDP, s.a.","HUN","Hungary","ST","Level, ratio or index","A","Annual","2015","2015","PC","Percentage","0","Units",,,3.26055807166131,,
"B6BLTT02","Current account as a % of GDP, s.a.","HUN","Hungary","ST","Level, ratio or index","A","Annual","2016","2016","PC","Percentage","0","Units",,,4.86801639055466,,
"B6BLTT02","Current account as a % of GDP, s.a.","ITA","Italy","ST","Level, ratio or index","A","Annual","1995","1995","PC","Percentage","0","Units",,,2.3956065927292,,
"B6BLTT02","Current account as a % of GDP, s.a.","ITA","Italy","ST","Level, ratio or index","A","Annual","1996","1996","PC","Percentage","0","Units",,,3.30076942646179,,
"B6BLTT02","Current account as a % of GDP, s.a.","ITA","Italy","ST","Level, ratio or index","A","Annual","1997","1997","PC","Percentage","0","Units",,,2.95895504309843,,
"B6BLTT02","Current account as a % of GDP, s.a.","ITA","Italy","ST","Level, ratio or index","A","Annual","1998","1998","PC","Percentage","0","Units",,,2.05078866684981,,
"B6BLTT02","Current account as a % of GDP, s.a.","ITA","Italy","ST","Level, ratio or index","A","Annual","1999","1999","PC","Percentage","0","Units",,,1.13091215832351,,
"B6BLTT02","Current account as a % of GDP, s.a.","ITA","Italy","ST","Level, ratio or index","A","Annual","2000","2000","PC","Percentage","0","Units",,,0.0621548116196618,,
"B6BLTT02","Current account as a % of GDP, s.a.","ITA","Italy","ST","Level, ratio or index","A","Annual","2001","2001","PC","Percentage","0","Units",,,0.52451650107365,,
"B6BLTT02","Current account as a % of GDP, s.a.","ITA","Italy","ST","Level, ratio or index","A","Annual","2002","2002","PC","Percentage","0","Units",,,-0.26491426565836,,
"B6BLTT02","Current account as a % of GDP, s.a.","ITA","Italy","ST","Level, ratio or index","A","Annual","2003","2003","PC","Percentage","0","Units",,,-0.614957191133454,,
"B6BLTT02","Current account as a % of GDP, s.a.","ITA","Italy","ST","Level, ratio or index","A","Annual","2004","2004","PC","Percentage","0","Units",,,-0.344459854674273,,
"B6BLTT02","Current account as a % of GDP, s.a.","ITA","Italy","ST","Level, ratio or index","A","Annual","2005","2005","PC","Percentage","0","Units",,,-0.899480503579075,,
"B6BLTT02","Current account as a % of GDP, s.a.","ITA","Italy","ST","Level, ratio or index","A","Annual","2006","2006","PC","Percentage","0","Units",,,-1.50334130991876,,
"B6BLTT02","Current account as a % of GDP, s.a.","ITA","Italy","ST","Level, ratio or index","A","Annual","2007","2007","PC","Percentage","0","Units",,,-1.38495084892872,,
"B6BLTT02","Current account as a % of GDP, s.a.","ITA","Italy","ST","Level, ratio or index","A","Annual","2008","2008","PC","Percentage","0","Units",,,-2.82567255233358,,
"B6BLTT02","Current account as a % of GDP, s.a.","ITA","Italy","ST","Level, ratio or index","A","Annual","2009","2009","PC","Percentage","0","Units",,,-1.8909180274954,,
"B6BLTT02","Current account as a % of GDP, s.a.","ITA","Italy","ST","Level, ratio or index","A","Annual","2010","2010","PC","Percentage","0","Units",,,-3.41491642564009,,
"B6BLTT02","Current account as a % of GDP, s.a.","ITA","Italy","ST","Level, ratio or index","A","Annual","2011","2011","PC","Percentage","0","Units",,,-3.00993454726034,,
"B6BLTT02","Current account as a % of GDP, s.a.","ITA","Italy","ST","Level, ratio or index","A","Annual","2012","2012","PC","Percentage","0","Units",,,-0.357411980473773,,
"B6BLTT02","Current account as a % of GDP, s.a.","ITA","Italy","ST","Level, ratio or index","A","Annual","2013","2013","PC","Percentage","0","Units",,,0.961733196580462,,
"B6BLTT02","Current account as a % of GDP, s.a.","ITA","Italy","ST","Level, ratio or index","A","Annual","2014","2014","PC","Percentage","0","Units",,,1.87896451836208,,
"B6BLTT02","Current account as a % of GDP, s.a.","ITA","Italy","ST","Level, ratio or index","A","Annual","2015","2015","PC","Percentage","0","Units",,,1.44154595755734,,
"B6BLTT02","Current account as a % of GDP, s.a.","ITA","Italy","ST","Level, ratio or index","A","Annual","2016","2016","PC","Percentage","0","Units",,,2.5755408693155,,
"B6BLTT02","Current account as a % of GDP, s.a.","CHE","Switzerland","ST","Level, ratio or index","A","Annual","2000","2000","PC","Percentage","0","Units",,,11.7504869492534,,
"B6BLTT02","Current account as a % of GDP, s.a.","CHE","Switzerland","ST","Level, ratio or index","A","Annual","2001","2001","PC","Percentage","0","Units",,,7.9706093194061,,
"B6BLTT02","Current account as a % of GDP, s.a.","CHE","Switzerland","ST","Level, ratio or index","A","Annual","2002","2002","PC","Percentage","0","Units",,,8.39276614606397,,
"B6BLTT02","Current account as a % of GDP, s.a.","CHE","Switzerland","ST","Level, ratio or index","A","Annual","2003","2003","PC","Percentage","0","Units",,,12.6913096132989,,
"B6BLTT02","Current account as a % of GDP, s.a.","CHE","Switzerland","ST","Level, ratio or index","A","Annual","2004","2004","PC","Percentage","0","Units",,,14.7518791419217,,
"B6BLTT02","Current account as a % of GDP, s.a.","CHE","Switzerland","ST","Level, ratio or index","A","Annual","2005","2005","PC","Percentage","0","Units",,,13.5663519447693,,
"B6BLTT02","Current account as a % of GDP, s.a.","CHE","Switzerland","ST","Level, ratio or index","A","Annual","2006","2006","PC","Percentage","0","Units",,,14.4383595744182,,
"B6BLTT02","Current account as a % of GDP, s.a.","CHE","Switzerland","ST","Level, ratio or index","A","Annual","2007","2007","PC","Percentage","0","Units",,,10.2668342616768,,
"B6BLTT02","Current account as a % of GDP, s.a.","CHE","Switzerland","ST","Level, ratio or index","A","Annual","2008","2008","PC","Percentage","0","Units",,,2.43186841699283,,
"B6BLTT02","Current account as a % of GDP, s.a.","CHE","Switzerland","ST","Level, ratio or index","A","Annual","2009","2009","PC","Percentage","0","Units",,,7.45435661228672,,
"B6BLTT02","Current account as a % of GDP, s.a.","CHE","Switzerland","ST","Level, ratio or index","A","Annual","2010","2010","PC","Percentage","0","Units",,,14.8654465544962,,
"B6BLTT02","Current account as a % of GDP, s.a.","CHE","Switzerland","ST","Level, ratio or index","A","Annual","2011","2011","PC","Percentage","0","Units",,,8.00905168301895,,
"B6BLTT02","Current account as a % of GDP, s.a.","CHE","Switzerland","ST","Level, ratio or index","A","Annual","2012","2012","PC","Percentage","0","Units",,,10.4859004803377,,
"B6BLTT02","Current account as a % of GDP, s.a.","CHE","Switzerland","ST","Level, ratio or index","A","Annual","2013","2013","PC","Percentage","0","Units",,,11.5251478918718,,
"B6BLTT02","Current account as a % of GDP, s.a.","CHE","Switzerland","ST","Level, ratio or index","A","Annual","2014","2014","PC","Percentage","0","Units",,,8.78614817805088,,
"B6BLTT02","Current account as a % of GDP, s.a.","CHE","Switzerland","ST","Level, ratio or index","A","Annual","2015","2015","PC","Percentage","0","Units",,,11.5268971578813,,
"B6BLTT02","Current account as a % of GDP, s.a.","CHE","Switzerland","ST","Level, ratio or index","A","Annual","2016","2016","PC","Percentage","0","Units",,,10.6778824802756,,
"B6BLTT02","Current account as a % of GDP, s.a.","AUT","Austria","ST","Level, ratio or index","A","Annual","1995","1995","PC","Percentage","0","Units",,,-2.8663329386705,,
"B6BLTT02","Current account as a % of GDP, s.a.","AUT","Austria","ST","Level, ratio or index","A","Annual","1996","1996","PC","Percentage","0","Units",,,-2.84353023382828,,
"B6BLTT02","Current account as a % of GDP, s.a.","AUT","Austria","ST","Level, ratio or index","A","Annual","1997","1997","PC","Percentage","0","Units",,,-2.55005471731342,,
"B6BLTT02","Current account as a % of GDP, s.a.","AUT","Austria","ST","Level, ratio or index","A","Annual","1998","1998","PC","Percentage","0","Units",,,-1.87204919126377,,
"B6BLTT02","Current account as a % of GDP, s.a.","AUT","Austria","ST","Level, ratio or index","A","Annual","1999","1999","PC","Percentage","0","Units",,,-2.26528270007973,,
"B6BLTT02","Current account as a % of GDP, s.a.","AUT","Austria","ST","Level, ratio or index","A","Annual","2000","2000","PC","Percentage","0","Units",,,-0.709206141235536,,
"B6BLTT02","Current account as a % of GDP, s.a.","AUT","Austria","ST","Level, ratio or index","A","Annual","2001","2001","PC","Percentage","0","Units",,,-0.797380466636588,,
"B6BLTT02","Current account as a % of GDP, s.a.","AUT","Austria","ST","Level, ratio or index","A","Annual","2002","2002","PC","Percentage","0","Units",,,2.10558738053299,,
"B6BLTT02","Current account as a % of GDP, s.a.","AUT","Austria","ST","Level, ratio or index","A","Annual","2003","2003","PC","Percentage","0","Units",,,1.55238614240038,,
"B6BLTT02","Current account as a % of GDP, s.a.","AUT","Austria","ST","Level, ratio or index","A","Annual","2004","2004","PC","Percentage","0","Units",,,2.08277246616052,,
"B6BLTT02","Current account as a % of GDP, s.a.","AUT","Austria","ST","Level, ratio or index","A","Annual","2005","2005","PC","Percentage","0","Units",,,2.26750600777435,,
"B6BLTT02","Current account as a % of GDP, s.a.","AUT","Austria","ST","Level, ratio or index","A","Annual","2006","2006","PC","Percentage","0","Units",,,3.31096755583527,,
"B6BLTT02","Current account as a % of GDP, s.a.","AUT","Austria","ST","Level, ratio or index","A","Annual","2007","2007","PC","Percentage","0","Units",,,3.82437321784845,,
"B6BLTT02","Current account as a % of GDP, s.a.","AUT","Austria","ST","Level, ratio or index","A","Annual","2008","2008","PC","Percentage","0","Units",,,4.51785779327882,,
"B6BLTT02","Current account as a % of GDP, s.a.","AUT","Austria","ST","Level, ratio or index","A","Annual","2009","2009","PC","Percentage","0","Units",,,2.61366331316076,,
"B6BLTT02","Current account as a % of GDP, s.a.","AUT","Austria","ST","Level, ratio or index","A","Annual","2010","2010","PC","Percentage","0","Units",,,2.86734950076537,,
"B6BLTT02","Current account as a % of GDP, s.a.","AUT","Austria","ST","Level, ratio or index","A","Annual","2011","2011","PC","Percentage","0","Units",,,1.63885408221591,,
"B6BLTT02","Current account as a % of GDP, s.a.","AUT","Austria","ST","Level, ratio or index","A","Annual","2012","2012","PC","Percentage","0","Units",,,1.48967118167059,,
"B6BLTT02","Current account as a % of GDP, s.a.","AUT","Austria","ST","Level, ratio or index","A","Annual","2013","2013","PC","Percentage","0","Units",,,1.95046039999109,,
"B6BLTT02","Current account as a % of GDP, s.a.","AUT","Austria","ST","Level, ratio or index","A","Annual","2014","2014","PC","Percentage","0","Units",,,2.38940055678208,,
"B6BLTT02","Current account as a % of GDP, s.a.","AUT","Austria","ST","Level, ratio or index","A","Annual","2015","2015","PC","Percentage","0","Units",,,1.90940736705673,,
"B6BLTT02","Current account as a % of GDP, s.a.","AUT","Austria","ST","Level, ratio or index","A","Annual","2016","2016","PC","Percentage","0","Units",,,1.71836209407166,,
"B6BLTT02","Current account as a % of GDP, s.a.","CZE","Czech Republic","ST","Level, ratio or index","A","Annual","1995","1995","PC","Percentage","0","Units",,,-2.30479656583947,,
"B6BLTT02","Current account as a % of GDP, s.a.","CZE","Czech Republic","ST","Level, ratio or index","A","Annual","1996","1996","PC","Percentage","0","Units",,,-6.15825218572795,,
"B6BLTT02","Current account as a % of GDP, s.a.","CZE","Czech Republic","ST","Level, ratio or index","A","Annual","1997","1997","PC","Percentage","0","Units",,,-5.84297379718317,,
"B6BLTT02","Current account as a % of GDP, s.a.","CZE","Czech Republic","ST","Level, ratio or index","A","Annual","1998","1998","PC","Percentage","0","Units",,,-1.89592441384059,,
"B6BLTT02","Current account as a % of GDP, s.a.","CZE","Czech Republic","ST","Level, ratio or index","A","Annual","1999","1999","PC","Percentage","0","Units",,,-2.26839452741949,,
"B6BLTT02","Current account as a % of GDP, s.a.","CZE","Czech Republic","ST","Level, ratio or index","A","Annual","2000","2000","PC","Percentage","0","Units",,,-4.41044953312983,,
"B6BLTT02","Current account as a % of GDP, s.a.","CZE","Czech Republic","ST","Level, ratio or index","A","Annual","2001","2001","PC","Percentage","0","Units",,,-4.88991070988969,,
"B6BLTT02","Current account as a % of GDP, s.a.","CZE","Czech Republic","ST","Level, ratio or index","A","Annual","2002","2002","PC","Percentage","0","Units",,,-5.1031996132506,,
"B6BLTT02","Current account as a % of GDP, s.a.","CZE","Czech Republic","ST","Level, ratio or index","A","Annual","2003","2003","PC","Percentage","0","Units",,,-5.71885693278184,,
"B6BLTT02","Current account as a % of GDP, s.a.","CZE","Czech Republic","ST","Level, ratio or index","A","Annual","2004","2004","PC","Percentage","0","Units",,,-3.78761812826609,,
"B6BLTT02","Current account as a % of GDP, s.a.","CZE","Czech Republic","ST","Level, ratio or index","A","Annual","2005","2005","PC","Percentage","0","Units",,,-2.12974267417191,,
"B6BLTT02","Current account as a % of GDP, s.a.","CZE","Czech Republic","ST","Level, ratio or index","A","Annual","2006","2006","PC","Percentage","0","Units",,,-2.45970389341353,,
"B6BLTT02","Current account as a % of GDP, s.a.","CZE","Czech Republic","ST","Level, ratio or index","A","Annual","2007","2007","PC","Percentage","0","Units",,,-4.61732036617051,,
"B6BLTT02","Current account as a % of GDP, s.a.","CZE","Czech Republic","ST","Level, ratio or index","A","Annual","2008","2008","PC","Percentage","0","Units",,,-1.88204286442297,,
"B6BLTT02","Current account as a % of GDP, s.a.","CZE","Czech Republic","ST","Level, ratio or index","A","Annual","2009","2009","PC","Percentage","0","Units",,,-2.27097554900214,,
"B6BLTT02","Current account as a % of GDP, s.a.","CZE","Czech Republic","ST","Level, ratio or index","A","Annual","2010","2010","PC","Percentage","0","Units",,,-3.57970037212096,,
"B6BLTT02","Current account as a % of GDP, s.a.","CZE","Czech Republic","ST","Level, ratio or index","A","Annual","2011","2011","PC","Percentage","0","Units",,,-2.11176086944295,,
"B6BLTT02","Current account as a % of GDP, s.a.","CZE","Czech Republic","ST","Level, ratio or index","A","Annual","2012","2012","PC","Percentage","0","Units",,,-1.55876982884706,,
"B6BLTT02","Current account as a % of GDP, s.a.","CZE","Czech Republic","ST","Level, ratio or index","A","Annual","2013","2013","PC","Percentage","0","Units",,,-0.541756429324557,,
"B6BLTT02","Current account as a % of GDP, s.a.","CZE","Czech Republic","ST","Level, ratio or index","A","Annual","2014","2014","PC","Percentage","0","Units",,,0.190110755065317,,
"B6BLTT02","Current account as a % of GDP, s.a.","CZE","Czech Republic","ST","Level, ratio or index","A","Annual","2015","2015","PC","Percentage","0","Units",,,0.24072121789016,,
"B6BLTT02","Current account as a % of GDP, s.a.","CZE","Czech Republic","ST","Level, ratio or index","A","Annual","2016","2016","PC","Percentage","0","Units",,,1.12335889257008,,
"B6BLTT02","Current account as a % of GDP, s.a.","BEL","Belgium","ST","Level, ratio or index","A","Annual","2003","2003","PC","Percentage","0","Units",,,3.52513896891313,,
"B6BLTT02","Current account as a % of GDP, s.a.","BEL","Belgium","ST","Level, ratio or index","A","Annual","2004","2004","PC","Percentage","0","Units",,,3.26745080167833,,
"B6BLTT02","Current account as a % of GDP, s.a.","BEL","Belgium","ST","Level, ratio or index","A","Annual","2005","2005","PC","Percentage","0","Units",,,2.09378914682073,,
"B6BLTT02","Current account as a % of GDP, s.a.","BEL","Belgium","ST","Level, ratio or index","A","Annual","2006","2006","PC","Percentage","0","Units",,,1.89971228034906,,
"B6BLTT02","Current account as a % of GDP, s.a.","BEL","Belgium","ST","Level, ratio or index","A","Annual","2007","2007","PC","Percentage","0","Units",,,1.96496802449896,,
"B6BLTT02","Current account as a % of GDP, s.a.","BEL","Belgium","ST","Level, ratio or index","A","Annual","2008","2008","PC","Percentage","0","Units",,,-0.997536336457738,,
"B6BLTT02","Current account as a % of GDP, s.a.","BEL","Belgium","ST","Level, ratio or index","A","Annual","2009","2009","PC","Percentage","0","Units",,,-1.08896870355775,,
"B6BLTT02","Current account as a % of GDP, s.a.","BEL","Belgium","ST","Level, ratio or index","A","Annual","2010","2010","PC","Percentage","0","Units",,,1.75018436176844,,
"B6BLTT02","Current account as a % of GDP, s.a.","BEL","Belgium","ST","Level, ratio or index","A","Annual","2011","2011","PC","Percentage","0","Units",,,-1.07279888542688,,
"B6BLTT02","Current account as a % of GDP, s.a.","BEL","Belgium","ST","Level, ratio or index","A","Annual","2012","2012","PC","Percentage","0","Units",,,-0.0514285084617495,,
"B6BLTT02","Current account as a % of GDP, s.a.","BEL","Belgium","ST","Level, ratio or index","A","Annual","2013","2013","PC","Percentage","0","Units",,,-0.325130424931408,,
"B6BLTT02","Current account as a % of GDP, s.a.","BEL","Belgium","ST","Level, ratio or index","A","Annual","2014","2014","PC","Percentage","0","Units",,,-0.668983212314345,,
"B6BLTT02","Current account as a % of GDP, s.a.","BEL","Belgium","ST","Level, ratio or index","A","Annual","2015","2015","PC","Percentage","0","Units",,,0.432486157512956,,
"B6BLTT02","Current account as a % of GDP, s.a.","BEL","Belgium","ST","Level, ratio or index","A","Annual","2016","2016","PC","Percentage","0","Units",,,-0.387622290496681,,
"B6BLTT02","Current account as a % of GDP, s.a.","DNK","Denmark","ST","Level, ratio or index","A","Annual","2005","2005","PC","Percentage","0","Units",,,4.19755195751576,,
"B6BLTT02","Current account as a % of GDP, s.a.","DNK","Denmark","ST","Level, ratio or index","A","Annual","2006","2006","PC","Percentage","0","Units",,,3.33101358939067,,
"B6BLTT02","Current account as a % of GDP, s.a.","DNK","Denmark","ST","Level, ratio or index","A","Annual","2007","2007","PC","Percentage","0","Units",,,1.43548352739811,,
"B6BLTT02","Current account as a % of GDP, s.a.","DNK","Denmark","ST","Level, ratio or index","A","Annual","2008","2008","PC","Percentage","0","Units",,,2.91219081225115,,
"B6BLTT02","Current account as a % of GDP, s.a.","DNK","Denmark","ST","Level, ratio or index","A","Annual","2009","2009","PC","Percentage","0","Units",,,3.46559093891163,,
"B6BLTT02","Current account as a % of GDP, s.a.","DNK","Denmark","ST","Level, ratio or index","A","Annual","2010","2010","PC","Percentage","0","Units",,,6.55308832521892,,
"B6BLTT02","Current account as a % of GDP, s.a.","DNK","Denmark","ST","Level, ratio or index","A","Annual","2011","2011","PC","Percentage","0","Units",,,6.58620396503854,,
"B6BLTT02","Current account as a % of GDP, s.a.","DNK","Denmark","ST","Level, ratio or index","A","Annual","2012","2012","PC","Percentage","0","Units",,,6.27794025180613,,
"B6BLTT02","Current account as a % of GDP, s.a.","DNK","Denmark","ST","Level, ratio or index","A","Annual","2013","2013","PC","Percentage","0","Units",,,7.75684697106051,,
"B6BLTT02","Current account as a % of GDP, s.a.","DNK","Denmark","ST","Level, ratio or index","A","Annual","2014","2014","PC","Percentage","0","Units",,,8.8925926973468,,
"B6BLTT02","Current account as a % of GDP, s.a.","DNK","Denmark","ST","Level, ratio or index","A","Annual","2015","2015","PC","Percentage","0","Units",,,9.15605646921512,,
"B6BLTT02","Current account as a % of GDP, s.a.","DNK","Denmark","ST","Level, ratio or index","A","Annual","2016","2016","PC","Percentage","0","Units",,,8.17214195320897,,
"B6BLTT02","Current account as a % of GDP, s.a.","DEU","Germany","ST","Level, ratio or index","A","Annual","1991","1991","PC","Percentage","0","Units",,,-1.36608658602464,,
"B6BLTT02","Current account as a % of GDP, s.a.","DEU","Germany","ST","Level, ratio or index","A","Annual","1992","1992","PC","Percentage","0","Units",,,-1.14823777621241,,
"B6BLTT02","Current account as a % of GDP, s.a.","DEU","Germany","ST","Level, ratio or index","A","Annual","1993","1993","PC","Percentage","0","Units",,,-1.05198562211689,,
"B6BLTT02","Current account as a % of GDP, s.a.","DEU","Germany","ST","Level, ratio or index","A","Annual","1994","1994","PC","Percentage","0","Units",,,-1.51393410983042,,
"B6BLTT02","Current account as a % of GDP, s.a.","DEU","Germany","ST","Level, ratio or index","A","Annual","1995","1995","PC","Percentage","0","Units",,,-1.29657586865402,,
"B6BLTT02","Current account as a % of GDP, s.a.","DEU","Germany","ST","Level, ratio or index","A","Annual","1996","1996","PC","Percentage","0","Units",,,-0.713999678415145,,
"B6BLTT02","Current account as a % of GDP, s.a.","DEU","Germany","ST","Level, ratio or index","A","Annual","1997","1997","PC","Percentage","0","Units",,,-0.501904884301074,,
"B6BLTT02","Current account as a % of GDP, s.a.","DEU","Germany","ST","Level, ratio or index","A","Annual","1998","1998","PC","Percentage","0","Units",,,-0.697162329396937,,
"B6BLTT02","Current account as a % of GDP, s.a.","DEU","Germany","ST","Level, ratio or index","A","Annual","1999","1999","PC","Percentage","0","Units",,,-1.41791541724217,,
"B6BLTT02","Current account as a % of GDP, s.a.","DEU","Germany","ST","Level, ratio or index","A","Annual","2000","2000","PC","Percentage","0","Units",,,-1.74758791525795,,
"B6BLTT02","Current account as a % of GDP, s.a.","DEU","Germany","ST","Level, ratio or index","A","Annual","2001","2001","PC","Percentage","0","Units",,,-0.365479400368922,,
"B6BLTT02","Current account as a % of GDP, s.a.","DEU","Germany","ST","Level, ratio or index","A","Annual","2002","2002","PC","Percentage","0","Units",,,1.88065824869443,,
"B6BLTT02","Current account as a % of GDP, s.a.","DEU","Germany","ST","Level, ratio or index","A","Annual","2003","2003","PC","Percentage","0","Units",,,1.40629448090281,,
"B6BLTT02","Current account as a % of GDP, s.a.","DEU","Germany","ST","Level, ratio or index","A","Annual","2004","2004","PC","Percentage","0","Units",,,4.47153629972044,,
"B6BLTT02","Current account as a % of GDP, s.a.","DEU","Germany","ST","Level, ratio or index","A","Annual","2005","2005","PC","Percentage","0","Units",,,4.60439176777878,,
"B6BLTT02","Current account as a % of GDP, s.a.","DEU","Germany","ST","Level, ratio or index","A","Annual","2006","2006","PC","Percentage","0","Units",,,5.67226173833023,,
"B6BLTT02","Current account as a % of GDP, s.a.","DEU","Germany","ST","Level, ratio or index","A","Annual","2007","2007","PC","Percentage","0","Units",,,6.74352354324178,,
"B6BLTT02","Current account as a % of GDP, s.a.","DEU","Germany","ST","Level, ratio or index","A","Annual","2008","2008","PC","Percentage","0","Units",,,5.59499586067765,,
"B6BLTT02","Current account as a % of GDP, s.a.","DEU","Germany","ST","Level, ratio or index","A","Annual","2009","2009","PC","Percentage","0","Units",,,5.73743380721186,,
"B6BLTT02","Current account as a % of GDP, s.a.","DEU","Germany","ST","Level, ratio or index","A","Annual","2010","2010","PC","Percentage","0","Units",,,5.62614633896,,
"B6BLTT02","Current account as a % of GDP, s.a.","DEU","Germany","ST","Level, ratio or index","A","Annual","2011","2011","PC","Percentage","0","Units",,,6.09729861541612,,
"B6BLTT02","Current account as a % of GDP, s.a.","DEU","Germany","ST","Level, ratio or index","A","Annual","2012","2012","PC","Percentage","0","Units",,,7.01701059632586,,
"B6BLTT02","Current account as a % of GDP, s.a.","DEU","Germany","ST","Level, ratio or index","A","Annual","2013","2013","PC","Percentage","0","Units",,,6.69691146845567,,
"B6BLTT02","Current account as a % of GDP, s.a.","DEU","Germany","ST","Level, ratio or index","A","Annual","2014","2014","PC","Percentage","0","Units",,,7.44385972944332,,
"B6BLTT02","Current account as a % of GDP, s.a.","DEU","Germany","ST","Level, ratio or index","A","Annual","2015","2015","PC","Percentage","0","Units",,,8.57747913537992,,
"B6BLTT02","Current account as a % of GDP, s.a.","DEU","Germany","ST","Level, ratio or index","A","Annual","2016","2016","PC","Percentage","0","Units",,,8.35562009507164,,
"B6BLTT02","Current account as a % of GDP, s.a.","ESP","Spain","ST","Level, ratio or index","A","Annual","1995","1995","PC","Percentage","0","Units",,,-0.960674038478026,,
"B6BLTT02","Current account as a % of GDP, s.a.","ESP","Spain","ST","Level, ratio or index","A","Annual","1996","1996","PC","Percentage","0","Units",,,-0.754657487800766,,
"B6BLTT02","Current account as a % of GDP, s.a.","ESP","Spain","ST","Level, ratio or index","A","Annual","1997","1997","PC","Percentage","0","Units",,,-0.718817414532109,,
"B6BLTT02","Current account as a % of GDP, s.a.","ESP","Spain","ST","Level, ratio or index","A","Annual","1998","1998","PC","Percentage","0","Units",,,-1.65606269208994,,
"B6BLTT02","Current account as a % of GDP, s.a.","ESP","Spain","ST","Level, ratio or index","A","Annual","1999","1999","PC","Percentage","0","Units",,,-3.2848403118902,,
"B6BLTT02","Current account as a % of GDP, s.a.","ESP","Spain","ST","Level, ratio or index","A","Annual","2000","2000","PC","Percentage","0","Units",,,-4.39819181582578,,
"B6BLTT02","Current account as a % of GDP, s.a.","ESP","Spain","ST","Level, ratio or index","A","Annual","2001","2001","PC","Percentage","0","Units",,,-4.39494995054144,,
"B6BLTT02","Current account as a % of GDP, s.a.","ESP","Spain","ST","Level, ratio or index","A","Annual","2002","2002","PC","Percentage","0","Units",,,-3.7371216968228,,
"B6BLTT02","Current account as a % of GDP, s.a.","ESP","Spain","ST","Level, ratio or index","A","Annual","2003","2003","PC","Percentage","0","Units",,,-3.88342921067008,,
"B6BLTT02","Current account as a % of GDP, s.a.","ESP","Spain","ST","Level, ratio or index","A","Annual","2004","2004","PC","Percentage","0","Units",,,-5.57635491194068,,
"B6BLTT02","Current account as a % of GDP, s.a.","ESP","Spain","ST","Level, ratio or index","A","Annual","2005","2005","PC","Percentage","0","Units",,,-7.4920281070725,,
"B6BLTT02","Current account as a % of GDP, s.a.","ESP","Spain","ST","Level, ratio or index","A","Annual","2006","2006","PC","Percentage","0","Units",,,-8.97857869718394,,
"B6BLTT02","Current account as a % of GDP, s.a.","ESP","Spain","ST","Level, ratio or index","A","Annual","2007","2007","PC","Percentage","0","Units",,,-9.63490530664335,,
"B6BLTT02","Current account as a % of GDP, s.a.","ESP","Spain","ST","Level, ratio or index","A","Annual","2008","2008","PC","Percentage","0","Units",,,-9.24728995026296,,
"B6BLTT02","Current account as a % of GDP, s.a.","ESP","Spain","ST","Level, ratio or index","A","Annual","2009","2009","PC","Percentage","0","Units",,,-4.27831004031762,,
"B6BLTT02","Current account as a % of GDP, s.a.","ESP","Spain","ST","Level, ratio or index","A","Annual","2010","2010","PC","Percentage","0","Units",,,-3.92160662863633,,
"B6BLTT02","Current account as a % of GDP, s.a.","ESP","Spain","ST","Level, ratio or index","A","Annual","2011","2011","PC","Percentage","0","Units",,,-3.17936971481638,,
"B6BLTT02","Current account as a % of GDP, s.a.","ESP","Spain","ST","Level, ratio or index","A","Annual","2012","2012","PC","Percentage","0","Units",,,-0.219917311782096,,
"B6BLTT02","Current account as a % of GDP, s.a.","ESP","Spain","ST","Level, ratio or index","A","Annual","2013","2013","PC","Percentage","0","Units",,,1.5203652965574,,
"B6BLTT02","Current account as a % of GDP, s.a.","ESP","Spain","ST","Level, ratio or index","A","Annual","2014","2014","PC","Percentage","0","Units",,,1.08044312252047,"P","Provisional value"
"B6BLTT02","Current account as a % of GDP, s.a.","ESP","Spain","ST","Level, ratio or index","A","Annual","2015","2015","PC","Percentage","0","Units",,,1.36878275200986,"P","Provisional value"
"B6BLTT02","Current account as a % of GDP, s.a.","ESP","Spain","ST","Level, ratio or index","A","Annual","2016","2016","PC","Percentage","0","Units",,,1.95443773539973,"P","Provisional value"
"B6BLTT02","Current account as a % of GDP, s.a.","JPN","Japan","ST","Level, ratio or index","A","Annual","1996","1996","PC","Percentage","0","Units",,,1.43996252446421,,
"B6BLTT02","Current account as a % of GDP, s.a.","JPN","Japan","ST","Level, ratio or index","A","Annual","1997","1997","PC","Percentage","0","Units",,,2.15618267147184,,
"B6BLTT02","Current account as a % of GDP, s.a.","JPN","Japan","ST","Level, ratio or index","A","Annual","1998","1998","PC","Percentage","0","Units",,,2.84999905893631,,
"B6BLTT02","Current account as a % of GDP, s.a.","JPN","Japan","ST","Level, ratio or index","A","Annual","1999","1999","PC","Percentage","0","Units",,,2.50967043832632,,
"B6BLTT02","Current account as a % of GDP, s.a.","JPN","Japan","ST","Level, ratio or index","A","Annual","2000","2000","PC","Percentage","0","Units",,,2.66642802397704,,
"B6BLTT02","Current account as a % of GDP, s.a.","JPN","Japan","ST","Level, ratio or index","A","Annual","2001","2001","PC","Percentage","0","Units",,,2.01779596330733,,
"B6BLTT02","Current account as a % of GDP, s.a.","JPN","Japan","ST","Level, ratio or index","A","Annual","2002","2002","PC","Percentage","0","Units",,,2.63645764264031,,
"B6BLTT02","Current account as a % of GDP, s.a.","JPN","Japan","ST","Level, ratio or index","A","Annual","2003","2003","PC","Percentage","0","Units",,,3.11966414074262,,
"B6BLTT02","Current account as a % of GDP, s.a.","JPN","Japan","ST","Level, ratio or index","A","Annual","2004","2004","PC","Percentage","0","Units",,,3.78058820039193,,
"B6BLTT02","Current account as a % of GDP, s.a.","JPN","Japan","ST","Level, ratio or index","A","Annual","2005","2005","PC","Percentage","0","Units",,,3.57895379671954,,
"B6BLTT02","Current account as a % of GDP, s.a.","JPN","Japan","ST","Level, ratio or index","A","Annual","2006","2006","PC","Percentage","0","Units",,,3.88199784905601,,
"B6BLTT02","Current account as a % of GDP, s.a.","JPN","Japan","ST","Level, ratio or index","A","Annual","2007","2007","PC","Percentage","0","Units",,,4.71419230445867,,
"B6BLTT02","Current account as a % of GDP, s.a.","JPN","Japan","ST","Level, ratio or index","A","Annual","2008","2008","PC","Percentage","0","Units",,,2.83438232852564,,
"B6BLTT02","Current account as a % of GDP, s.a.","JPN","Japan","ST","Level, ratio or index","A","Annual","2009","2009","PC","Percentage","0","Units",,,2.78384346830816,,
"B6BLTT02","Current account as a % of GDP, s.a.","JPN","Japan","ST","Level, ratio or index","A","Annual","2010","2010","PC","Percentage","0","Units",,,3.86767241465074,,
"B6BLTT02","Current account as a % of GDP, s.a.","JPN","Japan","ST","Level, ratio or index","A","Annual","2011","2011","PC","Percentage","0","Units",,,2.08903795482595,,
"B6BLTT02","Current account as a % of GDP, s.a.","JPN","Japan","ST","Level, ratio or index","A","Annual","2012","2012","PC","Percentage","0","Units",,,1.0012706875675,,
"B6BLTT02","Current account as a % of GDP, s.a.","JPN","Japan","ST","Level, ratio or index","A","Annual","2013","2013","PC","Percentage","0","Units",,,0.895492119798865,,
"B6BLTT02","Current account as a % of GDP, s.a.","JPN","Japan","ST","Level, ratio or index","A","Annual","2014","2014","PC","Percentage","0","Units",,,0.792184919806128,,
"B6BLTT02","Current account as a % of GDP, s.a.","JPN","Japan","ST","Level, ratio or index","A","Annual","2015","2015","PC","Percentage","0","Units",,,3.05809463694908,,
"B6BLTT02","Current account as a % of GDP, s.a.","JPN","Japan","ST","Level, ratio or index","A","Annual","2016","2016","PC","Percentage","0","Units",,,3.70570254571678,,
"B6BLTT02","Current account as a % of GDP, s.a.","NOR","Norway","ST","Level, ratio or index","A","Annual","1991","1991","PC","Percentage","0","Units",,,3.59580653776104,,
"B6BLTT02","Current account as a % of GDP, s.a.","NOR","Norway","ST","Level, ratio or index","A","Annual","1992","1992","PC","Percentage","0","Units",,,3.41633736866508,,
"B6BLTT02","Current account as a % of GDP, s.a.","NOR","Norway","ST","Level, ratio or index","A","Annual","1993","1993","PC","Percentage","0","Units",,,2.92085915461674,,
"B6BLTT02","Current account as a % of GDP, s.a.","NOR","Norway","ST","Level, ratio or index","A","Annual","1994","1994","PC","Percentage","0","Units",,,2.93866878883424,,
"B6BLTT02","Current account as a % of GDP, s.a.","NOR","Norway","ST","Level, ratio or index","A","Annual","1995","1995","PC","Percentage","0","Units",,,3.49788812240168,,
"B6BLTT02","Current account as a % of GDP, s.a.","NOR","Norway","ST","Level, ratio or index","A","Annual","1996","1996","PC","Percentage","0","Units",,,6.7295361486589,,
"B6BLTT02","Current account as a % of GDP, s.a.","NOR","Norway","ST","Level, ratio or index","A","Annual","1997","1997","PC","Percentage","0","Units",,,6.15881204636019,,
"B6BLTT02","Current account as a % of GDP, s.a.","NOR","Norway","ST","Level, ratio or index","A","Annual","1998","1998","PC","Percentage","0","Units",,,-0.30863348441186,,
"B6BLTT02","Current account as a % of GDP, s.a.","NOR","Norway","ST","Level, ratio or index","A","Annual","1999","1999","PC","Percentage","0","Units",,,5.49402623998382,,
"B6BLTT02","Current account as a % of GDP, s.a.","NOR","Norway","ST","Level, ratio or index","A","Annual","2000","2000","PC","Percentage","0","Units",,,14.7477329188016,,
"B6BLTT02","Current account as a % of GDP, s.a.","NOR","Norway","ST","Level, ratio or index","A","Annual","2001","2001","PC","Percentage","0","Units",,,15.8205530540047,,
"B6BLTT02","Current account as a % of GDP, s.a.","NOR","Norway","ST","Level, ratio or index","A","Annual","2002","2002","PC","Percentage","0","Units",,,12.3272876672642,,
"B6BLTT02","Current account as a % of GDP, s.a.","NOR","Norway","ST","Level, ratio or index","A","Annual","2003","2003","PC","Percentage","0","Units",,,12.053434987247,,
"B6BLTT02","Current account as a % of GDP, s.a.","NOR","Norway","ST","Level, ratio or index","A","Annual","2004","2004","PC","Percentage","0","Units",,,12.3799860941278,,
"B6BLTT02","Current account as a % of GDP, s.a.","NOR","Norway","ST","Level, ratio or index","A","Annual","2005","2005","PC","Percentage","0","Units",,,16.466752910217,,
"B6BLTT02","Current account as a % of GDP, s.a.","NOR","Norway","ST","Level, ratio or index","A","Annual","2006","2006","PC","Percentage","0","Units",,,16.3369313216378,,
"B6BLTT02","Current account as a % of GDP, s.a.","NOR","Norway","ST","Level, ratio or index","A","Annual","2007","2007","PC","Percentage","0","Units",,,12.4198835590701,,
"B6BLTT02","Current account as a % of GDP, s.a.","NOR","Norway","ST","Level, ratio or index","A","Annual","2008","2008","PC","Percentage","0","Units",,,15.8306516986416,,
"B6BLTT02","Current account as a % of GDP, s.a.","NOR","Norway","ST","Level, ratio or index","A","Annual","2009","2009","PC","Percentage","0","Units",,,10.7550403383466,,
"B6BLTT02","Current account as a % of GDP, s.a.","NOR","Norway","ST","Level, ratio or index","A","Annual","2010","2010","PC","Percentage","0","Units",,,11.0351462961876,,
"B6BLTT02","Current account as a % of GDP, s.a.","NOR","Norway","ST","Level, ratio or index","A","Annual","2011","2011","PC","Percentage","0","Units",,,12.5234735436195,,
"B6BLTT02","Current account as a % of GDP, s.a.","NOR","Norway","ST","Level, ratio or index","A","Annual","2012","2012","PC","Percentage","0","Units",,,12.6086896404267,,
"B6BLTT02","Current account as a % of GDP, s.a.","NOR","Norway","ST","Level, ratio or index","A","Annual","2013","2013","PC","Percentage","0","Units",,,10.4140359880096,,
"B6BLTT02","Current account as a % of GDP, s.a.","NOR","Norway","ST","Level, ratio or index","A","Annual","2014","2014","PC","Percentage","0","Units",,,12.1301273002457,,
"B6BLTT02","Current account as a % of GDP, s.a.","NOR","Norway","ST","Level, ratio or index","A","Annual","2015","2015","PC","Percentage","0","Units",,,8.66096924586054,,
"B6BLTT02","Current account as a % of GDP, s.a.","NOR","Norway","ST","Level, ratio or index","A","Annual","2016","2016","PC","Percentage","0","Units",,,4.90613221549561,,
"B6BLTT02","Current account as a % of GDP, s.a.","TUR","Turkey","ST","Level, ratio or index","A","Annual","1998","1998","PC","Percentage","0","Units",,,0.723937125068993,,
"B6BLTT02","Current account as a % of GDP, s.a.","TUR","Turkey","ST","Level, ratio or index","A","Annual","1999","1999","PC","Percentage","0","Units",,,-0.389477684113929,,
"B6BLTT02","Current account as a % of GDP, s.a.","TUR","Turkey","ST","Level, ratio or index","A","Annual","2000","2000","PC","Percentage","0","Units",,,-3.62977473288389,,
"B6BLTT02","Current account as a % of GDP, s.a.","TUR","Turkey","ST","Level, ratio or index","A","Annual","2001","2001","PC","Percentage","0","Units",,,1.92186552793613,,
"B6BLTT02","Current account as a % of GDP, s.a.","TUR","Turkey","ST","Level, ratio or index","A","Annual","2002","2002","PC","Percentage","0","Units",,,-0.25400119987056,,
"B6BLTT02","Current account as a % of GDP, s.a.","TUR","Turkey","ST","Level, ratio or index","A","Annual","2003","2003","PC","Percentage","0","Units",,,-2.43565889685279,,
"B6BLTT02","Current account as a % of GDP, s.a.","TUR","Turkey","ST","Level, ratio or index","A","Annual","2004","2004","PC","Percentage","0","Units",,,-3.50084683871182,,
"B6BLTT02","Current account as a % of GDP, s.a.","TUR","Turkey","ST","Level, ratio or index","A","Annual","2005","2005","PC","Percentage","0","Units",,,-4.15783204869893,,
"B6BLTT02","Current account as a % of GDP, s.a.","TUR","Turkey","ST","Level, ratio or index","A","Annual","2006","2006","PC","Percentage","0","Units",,,-5.64306378722104,,
"B6BLTT02","Current account as a % of GDP, s.a.","TUR","Turkey","ST","Level, ratio or index","A","Annual","2007","2007","PC","Percentage","0","Units",,,-5.37028075404372,,
"B6BLTT02","Current account as a % of GDP, s.a.","TUR","Turkey","ST","Level, ratio or index","A","Annual","2008","2008","PC","Percentage","0","Units",,,-4.99282809481675,,
"B6BLTT02","Current account as a % of GDP, s.a.","TUR","Turkey","ST","Level, ratio or index","A","Annual","2009","2009","PC","Percentage","0","Units",,,-1.62582519445399,,
"B6BLTT02","Current account as a % of GDP, s.a.","TUR","Turkey","ST","Level, ratio or index","A","Annual","2010","2010","PC","Percentage","0","Units",,,-5.63798267696741,,
"B6BLTT02","Current account as a % of GDP, s.a.","TUR","Turkey","ST","Level, ratio or index","A","Annual","2011","2011","PC","Percentage","0","Units",,,-8.86996398226795,,
"B6BLTT02","Current account as a % of GDP, s.a.","TUR","Turkey","ST","Level, ratio or index","A","Annual","2012","2012","PC","Percentage","0","Units",,,-5.5073763084444,,
"B6BLTT02","Current account as a % of GDP, s.a.","TUR","Turkey","ST","Level, ratio or index","A","Annual","2013","2013","PC","Percentage","0","Units",,,-6.68739190485029,,
"B6BLTT02","Current account as a % of GDP, s.a.","TUR","Turkey","ST","Level, ratio or index","A","Annual","2014","2014","PC","Percentage","0","Units",,,-4.67080184199966,,
"B6BLTT02","Current account as a % of GDP, s.a.","TUR","Turkey","ST","Level, ratio or index","A","Annual","2015","2015","PC","Percentage","0","Units",,,-3.72192837433894,,
"B6BLTT02","Current account as a % of GDP, s.a.","TUR","Turkey","ST","Level, ratio or index","A","Annual","2016","2016","PC","Percentage","0","Units",,,-3.80017877900503,,
"B6BLTT02","Current account as a % of GDP, s.a.","LUX","Luxembourg","ST","Level, ratio or index","A","Annual","1995","1995","PC","Percentage","0","Units",,,11.0705598269045,,
"B6BLTT02","Current account as a % of GDP, s.a.","LUX","Luxembourg","ST","Level, ratio or index","A","Annual","1996","1996","PC","Percentage","0","Units",,,10.287788409072,,
"B6BLTT02","Current account as a % of GDP, s.a.","LUX","Luxembourg","ST","Level, ratio or index","A","Annual","1997","1997","PC","Percentage","0","Units",,,9.80755367443098,,
"B6BLTT02","Current account as a % of GDP, s.a.","LUX","Luxembourg","ST","Level, ratio or index","A","Annual","1998","1998","PC","Percentage","0","Units",,,8.908277285545,,
"B6BLTT02","Current account as a % of GDP, s.a.","LUX","Luxembourg","ST","Level, ratio or index","A","Annual","1999","1999","PC","Percentage","0","Units",,,7.8644082159892,,
"B6BLTT02","Current account as a % of GDP, s.a.","LUX","Luxembourg","ST","Level, ratio or index","A","Annual","2000","2000","PC","Percentage","0","Units",,,12.6388493505306,,
"B6BLTT02","Current account as a % of GDP, s.a.","LUX","Luxembourg","ST","Level, ratio or index","A","Annual","2001","2001","PC","Percentage","0","Units",,,8.30707626435574,,
"B6BLTT02","Current account as a % of GDP, s.a.","LUX","Luxembourg","ST","Level, ratio or index","A","Annual","2002","2002","PC","Percentage","0","Units",,,9.33077191831063,,
"B6BLTT02","Current account as a % of GDP, s.a.","LUX","Luxembourg","ST","Level, ratio or index","A","Annual","2003","2003","PC","Percentage","0","Units",,,6.41365863312123,,
"B6BLTT02","Current account as a % of GDP, s.a.","LUX","Luxembourg","ST","Level, ratio or index","A","Annual","2004","2004","PC","Percentage","0","Units",,,11.8093051047799,,
"B6BLTT02","Current account as a % of GDP, s.a.","LUX","Luxembourg","ST","Level, ratio or index","A","Annual","2005","2005","PC","Percentage","0","Units",,,10.9710811068561,,
"B6BLTT02","Current account as a % of GDP, s.a.","LUX","Luxembourg","ST","Level, ratio or index","A","Annual","2006","2006","PC","Percentage","0","Units",,,9.91333867798303,,
"B6BLTT02","Current account as a % of GDP, s.a.","LUX","Luxembourg","ST","Level, ratio or index","A","Annual","2007","2007","PC","Percentage","0","Units",,,9.73417360710416,,
"B6BLTT02","Current account as a % of GDP, s.a.","LUX","Luxembourg","ST","Level, ratio or index","A","Annual","2008","2008","PC","Percentage","0","Units",,,7.76525944988299,,
"B6BLTT02","Current account as a % of GDP, s.a.","LUX","Luxembourg","ST","Level, ratio or index","A","Annual","2009","2009","PC","Percentage","0","Units",,,7.05196093313153,,
"B6BLTT02","Current account as a % of GDP, s.a.","LUX","Luxembourg","ST","Level, ratio or index","A","Annual","2010","2010","PC","Percentage","0","Units",,,6.38532479444626,,
"B6BLTT02","Current account as a % of GDP, s.a.","LUX","Luxembourg","ST","Level, ratio or index","A","Annual","2011","2011","PC","Percentage","0","Units",,,6.01623382606559,,
"B6BLTT02","Current account as a % of GDP, s.a.","LUX","Luxembourg","ST","Level, ratio or index","A","Annual","2012","2012","PC","Percentage","0","Units",,,5.90273325620614,,
"B6BLTT02","Current account as a % of GDP, s.a.","LUX","Luxembourg","ST","Level, ratio or index","A","Annual","2013","2013","PC","Percentage","0","Units",,,5.28922976282727,,
"B6BLTT02","Current account as a % of GDP, s.a.","LUX","Luxembourg","ST","Level, ratio or index","A","Annual","2014","2014","PC","Percentage","0","Units",,,4.69081283135766,,
"B6BLTT02","Current account as a % of GDP, s.a.","LUX","Luxembourg","ST","Level, ratio or index","A","Annual","2015","2015","PC","Percentage","0","Units",,,5.08244201298364,,
"B6BLTT02","Current account as a % of GDP, s.a.","LUX","Luxembourg","ST","Level, ratio or index","A","Annual","2016","2016","PC","Percentage","0","Units",,,4.6872885904102,,
"B6BLTT02","Current account as a % of GDP, s.a.","SVK","Slovak Republic","ST","Level, ratio or index","A","Annual","2004","2004","PC","Percentage","0","Units",,,-7.63404811737753,,
"B6BLTT02","Current account as a % of GDP, s.a.","SVK","Slovak Republic","ST","Level, ratio or index","A","Annual","2005","2005","PC","Percentage","0","Units",,,-8.25282708388184,,
"B6BLTT02","Current account as a % of GDP, s.a.","SVK","Slovak Republic","ST","Level, ratio or index","A","Annual","2006","2006","PC","Percentage","0","Units",,,-7.69208700961794,,
"B6BLTT02","Current account as a % of GDP, s.a.","SVK","Slovak Republic","ST","Level, ratio or index","A","Annual","2007","2007","PC","Percentage","0","Units",,,-5.20019245453978,,
"B6BLTT02","Current account as a % of GDP, s.a.","SVK","Slovak Republic","ST","Level, ratio or index","A","Annual","2008","2008","PC","Percentage","0","Units",,,-6.22726138197174,,
"B6BLTT02","Current account as a % of GDP, s.a.","SVK","Slovak Republic","ST","Level, ratio or index","A","Annual","2009","2009","PC","Percentage","0","Units",,,-3.48296441159666,,
"B6BLTT02","Current account as a % of GDP, s.a.","SVK","Slovak Republic","ST","Level, ratio or index","A","Annual","2010","2010","PC","Percentage","0","Units",,,-4.70318170402054,,
"B6BLTT02","Current account as a % of GDP, s.a.","SVK","Slovak Republic","ST","Level, ratio or index","A","Annual","2011","2011","PC","Percentage","0","Units",,,-4.96188032093758,,
"B6BLTT02","Current account as a % of GDP, s.a.","SVK","Slovak Republic","ST","Level, ratio or index","A","Annual","2012","2012","PC","Percentage","0","Units",,,0.93287288251583,,
"B6BLTT02","Current account as a % of GDP, s.a.","SVK","Slovak Republic","ST","Level, ratio or index","A","Annual","2013","2013","PC","Percentage","0","Units",,,1.86423508642291,,
"B6BLTT02","Current account as a % of GDP, s.a.","SVK","Slovak Republic","ST","Level, ratio or index","A","Annual","2014","2014","PC","Percentage","0","Units",,,1.14613952828628,,
"B6BLTT02","Current account as a % of GDP, s.a.","SVK","Slovak Republic","ST","Level, ratio or index","A","Annual","2015","2015","PC","Percentage","0","Units",,,0.164066581426697,,
"B6BLTT02","Current account as a % of GDP, s.a.","SVK","Slovak Republic","ST","Level, ratio or index","A","Annual","2016","2016","PC","Percentage","0","Units",,,-0.734569360661455,,
"B6BLTT02","Current account as a % of GDP, s.a.","USA","United States","ST","Level, ratio or index","A","Annual","1991","1991","PC","Percentage","0","Units",,,0.0468898049092573,,
"B6BLTT02","Current account as a % of GDP, s.a.","USA","United States","ST","Level, ratio or index","A","Annual","1992","1992","PC","Percentage","0","Units",,,-0.789289373480342,,
"B6BLTT02","Current account as a % of GDP, s.a.","USA","United States","ST","Level, ratio or index","A","Annual","1993","1993","PC","Percentage","0","Units",,,-1.23302368180034,,
"B6BLTT02","Current account as a % of GDP, s.a.","USA","United States","ST","Level, ratio or index","A","Annual","1994","1994","PC","Percentage","0","Units",,,-1.66391768798465,,
"B6BLTT02","Current account as a % of GDP, s.a.","USA","United States","ST","Level, ratio or index","A","Annual","1995","1995","PC","Percentage","0","Units",,,-1.48186663709136,,
"B6BLTT02","Current account as a % of GDP, s.a.","USA","United States","ST","Level, ratio or index","A","Annual","1996","1996","PC","Percentage","0","Units",,,-1.54037412771946,,
"B6BLTT02","Current account as a % of GDP, s.a.","USA","United States","ST","Level, ratio or index","A","Annual","1997","1997","PC","Percentage","0","Units",,,-1.63465866684478,,
"B6BLTT02","Current account as a % of GDP, s.a.","USA","United States","ST","Level, ratio or index","A","Annual","1998","1998","PC","Percentage","0","Units",,,-2.36618385657625,,
"B6BLTT02","Current account as a % of GDP, s.a.","USA","United States","ST","Level, ratio or index","A","Annual","1999","1999","PC","Percentage","0","Units",,,-3.05907744064178,,
"B6BLTT02","Current account as a % of GDP, s.a.","USA","United States","ST","Level, ratio or index","A","Annual","2000","2000","PC","Percentage","0","Units",,,-3.99384525632611,,
"B6BLTT02","Current account as a % of GDP, s.a.","USA","United States","ST","Level, ratio or index","A","Annual","2001","2001","PC","Percentage","0","Units",,,-3.7217709762682,,
"B6BLTT02","Current account as a % of GDP, s.a.","USA","United States","ST","Level, ratio or index","A","Annual","2002","2002","PC","Percentage","0","Units",,,-4.17291693710559,,
"B6BLTT02","Current account as a % of GDP, s.a.","USA","United States","ST","Level, ratio or index","A","Annual","2003","2003","PC","Percentage","0","Units",,,-4.52925653795281,,
"B6BLTT02","Current account as a % of GDP, s.a.","USA","United States","ST","Level, ratio or index","A","Annual","2004","2004","PC","Percentage","0","Units",,,-5.16312726961672,,
"B6BLTT02","Current account as a % of GDP, s.a.","USA","United States","ST","Level, ratio or index","A","Annual","2005","2005","PC","Percentage","0","Units",,,-5.69307376830079,,
"B6BLTT02","Current account as a % of GDP, s.a.","USA","United States","ST","Level, ratio or index","A","Annual","2006","2006","PC","Percentage","0","Units",,,-5.82225622298082,,
"B6BLTT02","Current account as a % of GDP, s.a.","USA","United States","ST","Level, ratio or index","A","Annual","2007","2007","PC","Percentage","0","Units",,,-4.96383212025453,,
"B6BLTT02","Current account as a % of GDP, s.a.","USA","United States","ST","Level, ratio or index","A","Annual","2008","2008","PC","Percentage","0","Units",,,-4.69332119447705,,
"B6BLTT02","Current account as a % of GDP, s.a.","USA","United States","ST","Level, ratio or index","A","Annual","2009","2009","PC","Percentage","0","Units",,,-2.6633700275163,,
"B6BLTT02","Current account as a % of GDP, s.a.","USA","United States","ST","Level, ratio or index","A","Annual","2010","2010","PC","Percentage","0","Units",,,-2.95341610756195,,
"B6BLTT02","Current account as a % of GDP, s.a.","USA","United States","ST","Level, ratio or index","A","Annual","2011","2011","PC","Percentage","0","Units",,,-2.96660152694384,,
"B6BLTT02","Current account as a % of GDP, s.a.","USA","United States","ST","Level, ratio or index","A","Annual","2012","2012","PC","Percentage","0","Units",,,-2.76398074929203,,
"B6BLTT02","Current account as a % of GDP, s.a.","USA","United States","ST","Level, ratio or index","A","Annual","2013","2013","PC","Percentage","0","Units",,,-2.19525506994578,,
"B6BLTT02","Current account as a % of GDP, s.a.","USA","United States","ST","Level, ratio or index","A","Annual","2014","2014","PC","Percentage","0","Units",,,-2.25410651350248,,
"B6BLTT02","Current account as a % of GDP, s.a.","USA","United States","ST","Level, ratio or index","A","Annual","2015","2015","PC","Percentage","0","Units",,,-2.56680148475465,,
"B6BLTT02","Current account as a % of GDP, s.a.","USA","United States","ST","Level, ratio or index","A","Annual","2016","2016","PC","Percentage","0","Units",,,-2.59143415674427,,
"B6BLTT02","Current account as a % of GDP, s.a.","LVA","Latvia","ST","Level, ratio or index","A","Annual","2000","2000","PC","Percentage","0","Units",,,-3.524456971419,,
"B6BLTT02","Current account as a % of GDP, s.a.","LVA","Latvia","ST","Level, ratio or index","A","Annual","2001","2001","PC","Percentage","0","Units",,,-6.8229502061362,,
"B6BLTT02","Current account as a % of GDP, s.a.","LVA","Latvia","ST","Level, ratio or index","A","Annual","2002","2002","PC","Percentage","0","Units",,,-6.13310626946368,,
"B6BLTT02","Current account as a % of GDP, s.a.","LVA","Latvia","ST","Level, ratio or index","A","Annual","2003","2003","PC","Percentage","0","Units",,,-7.6418553419814,,
"B6BLTT02","Current account as a % of GDP, s.a.","LVA","Latvia","ST","Level, ratio or index","A","Annual","2004","2004","PC","Percentage","0","Units",,,-12.2366971850981,,
"B6BLTT02","Current account as a % of GDP, s.a.","LVA","Latvia","ST","Level, ratio or index","A","Annual","2005","2005","PC","Percentage","0","Units",,,-11.7597481251696,,
"B6BLTT02","Current account as a % of GDP, s.a.","LVA","Latvia","ST","Level, ratio or index","A","Annual","2006","2006","PC","Percentage","0","Units",,,-20.6468878719619,,
"B6BLTT02","Current account as a % of GDP, s.a.","LVA","Latvia","ST","Level, ratio or index","A","Annual","2007","2007","PC","Percentage","0","Units",,,-20.9100501783662,,
"B6BLTT02","Current account as a % of GDP, s.a.","LVA","Latvia","ST","Level, ratio or index","A","Annual","2008","2008","PC","Percentage","0","Units",,,-12.3936224340828,,
"B6BLTT02","Current account as a % of GDP, s.a.","LVA","Latvia","ST","Level, ratio or index","A","Annual","2009","2009","PC","Percentage","0","Units",,,8.23303504781773,,
"B6BLTT02","Current account as a % of GDP, s.a.","LVA","Latvia","ST","Level, ratio or index","A","Annual","2010","2010","PC","Percentage","0","Units",,,2.75952372961841,,
"B6BLTT02","Current account as a % of GDP, s.a.","LVA","Latvia","ST","Level, ratio or index","A","Annual","2011","2011","PC","Percentage","0","Units",,,-2.65973729577712,,
"B6BLTT02","Current account as a % of GDP, s.a.","LVA","Latvia","ST","Level, ratio or index","A","Annual","2012","2012","PC","Percentage","0","Units",,,-3.28526294554665,,
"B6BLTT02","Current account as a % of GDP, s.a.","LVA","Latvia","ST","Level, ratio or index","A","Annual","2013","2013","PC","Percentage","0","Units",,,-2.19428083520824,,
"B6BLTT02","Current account as a % of GDP, s.a.","LVA","Latvia","ST","Level, ratio or index","A","Annual","2014","2014","PC","Percentage","0","Units",,,-2.0566069641282,,
"B6BLTT02","Current account as a % of GDP, s.a.","LVA","Latvia","ST","Level, ratio or index","A","Annual","2015","2015","PC","Percentage","0","Units",,,-0.767391397394702,,
"B6BLTT02","Current account as a % of GDP, s.a.","LVA","Latvia","ST","Level, ratio or index","A","Annual","2016","2016","PC","Percentage","0","Units",,,1.48673128299235,,
"B6BLTT02","Current account as a % of GDP, s.a.","SVN","Slovenia","ST","Level, ratio or index","A","Annual","1995","1995","PC","Percentage","0","Units",,,-0.638750577602272,,
"B6BLTT02","Current account as a % of GDP, s.a.","SVN","Slovenia","ST","Level, ratio or index","A","Annual","1996","1996","PC","Percentage","0","Units",,,0.0968745112647482,,
"B6BLTT02","Current account as a % of GDP, s.a.","SVN","Slovenia","ST","Level, ratio or index","A","Annual","1997","1997","PC","Percentage","0","Units",,,0.131739818147023,,
"B6BLTT02","Current account as a % of GDP, s.a.","SVN","Slovenia","ST","Level, ratio or index","A","Annual","1998","1998","PC","Percentage","0","Units",,,-0.856298941078366,,
"B6BLTT02","Current account as a % of GDP, s.a.","SVN","Slovenia","ST","Level, ratio or index","A","Annual","1999","1999","PC","Percentage","0","Units",,,-4.04225434712771,,
"B6BLTT02","Current account as a % of GDP, s.a.","SVN","Slovenia","ST","Level, ratio or index","A","Annual","2000","2000","PC","Percentage","0","Units",,,-3.24124416658182,,
"B6BLTT02","Current account as a % of GDP, s.a.","SVN","Slovenia","ST","Level, ratio or index","A","Annual","2001","2001","PC","Percentage","0","Units",,,0.0300981605713792,,
"B6BLTT02","Current account as a % of GDP, s.a.","SVN","Slovenia","ST","Level, ratio or index","A","Annual","2002","2002","PC","Percentage","0","Units",,,0.919035564212085,,
"B6BLTT02","Current account as a % of GDP, s.a.","SVN","Slovenia","ST","Level, ratio or index","A","Annual","2003","2003","PC","Percentage","0","Units",,,-0.836509732164116,,
"B6BLTT02","Current account as a % of GDP, s.a.","SVN","Slovenia","ST","Level, ratio or index","A","Annual","2004","2004","PC","Percentage","0","Units",,,-2.71591932722388,,
"B6BLTT02","Current account as a % of GDP, s.a.","SVN","Slovenia","ST","Level, ratio or index","A","Annual","2005","2005","PC","Percentage","0","Units",,,-1.78207042854029,,
"B6BLTT02","Current account as a % of GDP, s.a.","SVN","Slovenia","ST","Level, ratio or index","A","Annual","2006","2006","PC","Percentage","0","Units",,,-1.80724877961683,,
"B6BLTT02","Current account as a % of GDP, s.a.","SVN","Slovenia","ST","Level, ratio or index","A","Annual","2007","2007","PC","Percentage","0","Units",,,-4.08556942861876,,
"B6BLTT02","Current account as a % of GDP, s.a.","SVN","Slovenia","ST","Level, ratio or index","A","Annual","2008","2008","PC","Percentage","0","Units",,,-5.29576899949224,,
"B6BLTT02","Current account as a % of GDP, s.a.","SVN","Slovenia","ST","Level, ratio or index","A","Annual","2009","2009","PC","Percentage","0","Units",,,-0.559177233380907,,
"B6BLTT02","Current account as a % of GDP, s.a.","SVN","Slovenia","ST","Level, ratio or index","A","Annual","2010","2010","PC","Percentage","0","Units",,,-0.117202666421647,,
"B6BLTT02","Current account as a % of GDP, s.a.","SVN","Slovenia","ST","Level, ratio or index","A","Annual","2011","2011","PC","Percentage","0","Units",,,0.185148690523458,,
"B6BLTT02","Current account as a % of GDP, s.a.","SVN","Slovenia","ST","Level, ratio or index","A","Annual","2012","2012","PC","Percentage","0","Units",,,2.60574966110434,,
"B6BLTT02","Current account as a % of GDP, s.a.","SVN","Slovenia","ST","Level, ratio or index","A","Annual","2013","2013","PC","Percentage","0","Units",,,4.80742977644058,,
"B6BLTT02","Current account as a % of GDP, s.a.","SVN","Slovenia","ST","Level, ratio or index","A","Annual","2014","2014","PC","Percentage","0","Units",,,6.2269023601327,,
"B6BLTT02","Current account as a % of GDP, s.a.","SVN","Slovenia","ST","Level, ratio or index","A","Annual","2015","2015","PC","Percentage","0","Units",,,5.20115683422714,,
"B6BLTT02","Current account as a % of GDP, s.a.","SVN","Slovenia","ST","Level, ratio or index","A","Annual","2016","2016","PC","Percentage","0","Units",,,6.79380717089587,,
"B6BLTT02","Current account as a % of GDP, s.a.","NLD","Netherlands","ST","Level, ratio or index","A","Annual","2004","2004","PC","Percentage","0","Units",,,7.56785712612281,,
"B6BLTT02","Current account as a % of GDP, s.a.","NLD","Netherlands","ST","Level, ratio or index","A","Annual","2005","2005","PC","Percentage","0","Units",,,6.97605727660167,,
"B6BLTT02","Current account as a % of GDP, s.a.","NLD","Netherlands","ST","Level, ratio or index","A","Annual","2006","2006","PC","Percentage","0","Units",,,9.1577241286961,,
"B6BLTT02","Current account as a % of GDP, s.a.","NLD","Netherlands","ST","Level, ratio or index","A","Annual","2007","2007","PC","Percentage","0","Units",,,6.89757842641993,,
"B6BLTT02","Current account as a % of GDP, s.a.","NLD","Netherlands","ST","Level, ratio or index","A","Annual","2008","2008","PC","Percentage","0","Units",,,4.96016853121247,,
"B6BLTT02","Current account as a % of GDP, s.a.","NLD","Netherlands","ST","Level, ratio or index","A","Annual","2009","2009","PC","Percentage","0","Units",,,5.68247242760503,,
"B6BLTT02","Current account as a % of GDP, s.a.","NLD","Netherlands","ST","Level, ratio or index","A","Annual","2010","2010","PC","Percentage","0","Units",,,7.119723625108,,
"B6BLTT02","Current account as a % of GDP, s.a.","NLD","Netherlands","ST","Level, ratio or index","A","Annual","2011","2011","PC","Percentage","0","Units",,,8.57876585540705,,
"B6BLTT02","Current account as a % of GDP, s.a.","NLD","Netherlands","ST","Level, ratio or index","A","Annual","2012","2012","PC","Percentage","0","Units",,,10.3525759091483,,
"B6BLTT02","Current account as a % of GDP, s.a.","NLD","Netherlands","ST","Level, ratio or index","A","Annual","2013","2013","PC","Percentage","0","Units",,,9.97357386781497,,
"B6BLTT02","Current account as a % of GDP, s.a.","NLD","Netherlands","ST","Level, ratio or index","A","Annual","2014","2014","PC","Percentage","0","Units",,,8.86366564709485,"P","Provisional value"
"B6BLTT02","Current account as a % of GDP, s.a.","NLD","Netherlands","ST","Level, ratio or index","A","Annual","2015","2015","PC","Percentage","0","Units",,,8.68481608476838,"P","Provisional value"
"B6BLTT02","Current account as a % of GDP, s.a.","NLD","Netherlands","ST","Level, ratio or index","A","Annual","2016","2016","PC","Percentage","0","Units",,,8.40359970738799,"P","Provisional value"
"B6BLTT02","Current account as a % of GDP, s.a.","POL","Poland","ST","Level, ratio or index","A","Annual","2004","2004","PC","Percentage","0","Units",,,-5.51910068333356,,
"B6BLTT02","Current account as a % of GDP, s.a.","POL","Poland","ST","Level, ratio or index","A","Annual","2005","2005","PC","Percentage","0","Units",,,-2.6215361137389,,
"B6BLTT02","Current account as a % of GDP, s.a.","POL","Poland","ST","Level, ratio or index","A","Annual","2006","2006","PC","Percentage","0","Units",,,-4.0077176443069,,
"B6BLTT02","Current account as a % of GDP, s.a.","POL","Poland","ST","Level, ratio or index","A","Annual","2007","2007","PC","Percentage","0","Units",,,-6.34060612649102,,
"B6BLTT02","Current account as a % of GDP, s.a.","POL","Poland","ST","Level, ratio or index","A","Annual","2008","2008","PC","Percentage","0","Units",,,-6.71794389959515,,
"B6BLTT02","Current account as a % of GDP, s.a.","POL","Poland","ST","Level, ratio or index","A","Annual","2009","2009","PC","Percentage","0","Units",,,-3.98755381391388,,
"B6BLTT02","Current account as a % of GDP, s.a.","POL","Poland","ST","Level, ratio or index","A","Annual","2010","2010","PC","Percentage","0","Units",,,-5.37691601095188,,
"B6BLTT02","Current account as a % of GDP, s.a.","POL","Poland","ST","Level, ratio or index","A","Annual","2011","2011","PC","Percentage","0","Units",,,-5.20376411599692,,
"B6BLTT02","Current account as a % of GDP, s.a.","POL","Poland","ST","Level, ratio or index","A","Annual","2012","2012","PC","Percentage","0","Units",,,-3.71836473240378,,
"B6BLTT02","Current account as a % of GDP, s.a.","POL","Poland","ST","Level, ratio or index","A","Annual","2013","2013","PC","Percentage","0","Units",,,-1.2715233805424,,
"B6BLTT02","Current account as a % of GDP, s.a.","POL","Poland","ST","Level, ratio or index","A","Annual","2014","2014","PC","Percentage","0","Units",,,-2.07962079806262,,
"B6BLTT02","Current account as a % of GDP, s.a.","POL","Poland","ST","Level, ratio or index","A","Annual","2015","2015","PC","Percentage","0","Units",,,-0.627259681504595,,
"B6BLTT02","Current account as a % of GDP, s.a.","POL","Poland","ST","Level, ratio or index","A","Annual","2016","2016","PC","Percentage","0","Units",,,-0.296032025286534,,
"B6BLTT02","Current account as a % of GDP, s.a.","OECD","OECD - Total","ST","Level, ratio or index","A","Annual","2005","2005","PC","Percentage","0","Units",,,-1.29464720559981,"E","Estimated value"
"B6BLTT02","Current account as a % of GDP, s.a.","OECD","OECD - Total","ST","Level, ratio or index","A","Annual","2006","2006","PC","Percentage","0","Units",,,-1.42897280072232,,
"B6BLTT02","Current account as a % of GDP, s.a.","OECD","OECD - Total","ST","Level, ratio or index","A","Annual","2007","2007","PC","Percentage","0","Units",,,-1.22369870859943,,
"B6BLTT02","Current account as a % of GDP, s.a.","OECD","OECD - Total","ST","Level, ratio or index","A","Annual","2008","2008","PC","Percentage","0","Units",,,-1.68662311907459,,
"B6BLTT02","Current account as a % of GDP, s.a.","OECD","OECD - Total","ST","Level, ratio or index","A","Annual","2009","2009","PC","Percentage","0","Units",,,-0.529288568635081,,
"B6BLTT02","Current account as a % of GDP, s.a.","OECD","OECD - Total","ST","Level, ratio or index","A","Annual","2010","2010","PC","Percentage","0","Units",,,-0.426625718922327,,
"B6BLTT02","Current account as a % of GDP, s.a.","OECD","OECD - Total","ST","Level, ratio or index","A","Annual","2011","2011","PC","Percentage","0","Units",,,-0.616597885430487,"P","Provisional value"
"B6BLTT02","Current account as a % of GDP, s.a.","OECD","OECD - Total","ST","Level, ratio or index","A","Annual","2012","2012","PC","Percentage","0","Units",,,-0.415946684887623,"P","Provisional value"
"B6BLTT02","Current account as a % of GDP, s.a.","OECD","OECD - Total","ST","Level, ratio or index","A","Annual","2013","2013","PC","Percentage","0","Units",,,-0.0245807688483639,"P","Provisional value"
"B6BLTT02","Current account as a % of GDP, s.a.","OECD","OECD - Total","ST","Level, ratio or index","A","Annual","2014","2014","PC","Percentage","0","Units",,,0.031796002089325,"P","Provisional value"
"B6BLTT02","Current account as a % of GDP, s.a.","OECD","OECD - Total","ST","Level, ratio or index","A","Annual","2015","2015","PC","Percentage","0","Units",,,0.184067204275221,"P","Provisional value"
"B6BLTT02","Current account as a % of GDP, s.a.","OECD","OECD - Total","ST","Level, ratio or index","A","Annual","2016","2016","PC","Percentage","0","Units",,,0.256106072810885,"P","Provisional value"
"B6BLTT02","Current account as a % of GDP, s.a.","PRT","Portugal","ST","Level, ratio or index","A","Annual","1996","1996","PC","Percentage","0","Units",,,-4.48598485016707,,
"B6BLTT02","Current account as a % of GDP, s.a.","PRT","Portugal","ST","Level, ratio or index","A","Annual","1997","1997","PC","Percentage","0","Units",,,-6.15831991810247,,
"B6BLTT02","Current account as a % of GDP, s.a.","PRT","Portugal","ST","Level, ratio or index","A","Annual","1998","1998","PC","Percentage","0","Units",,,-7.58565838499708,,
"B6BLTT02","Current account as a % of GDP, s.a.","PRT","Portugal","ST","Level, ratio or index","A","Annual","1999","1999","PC","Percentage","0","Units",,,-8.83822002591517,,
"B6BLTT02","Current account as a % of GDP, s.a.","PRT","Portugal","ST","Level, ratio or index","A","Annual","2000","2000","PC","Percentage","0","Units",,,-10.8129406523781,,
"B6BLTT02","Current account as a % of GDP, s.a.","PRT","Portugal","ST","Level, ratio or index","A","Annual","2001","2001","PC","Percentage","0","Units",,,-10.4450405919218,,
"B6BLTT02","Current account as a % of GDP, s.a.","PRT","Portugal","ST","Level, ratio or index","A","Annual","2002","2002","PC","Percentage","0","Units",,,-8.48979601606023,,
"B6BLTT02","Current account as a % of GDP, s.a.","PRT","Portugal","ST","Level, ratio or index","A","Annual","2003","2003","PC","Percentage","0","Units",,,-7.1630559532056,,
"B6BLTT02","Current account as a % of GDP, s.a.","PRT","Portugal","ST","Level, ratio or index","A","Annual","2004","2004","PC","Percentage","0","Units",,,-8.3202063168572,,
"B6BLTT02","Current account as a % of GDP, s.a.","PRT","Portugal","ST","Level, ratio or index","A","Annual","2005","2005","PC","Percentage","0","Units",,,-9.88067083503171,,
"B6BLTT02","Current account as a % of GDP, s.a.","PRT","Portugal","ST","Level, ratio or index","A","Annual","2006","2006","PC","Percentage","0","Units",,,-10.6839735814597,,
"B6BLTT02","Current account as a % of GDP, s.a.","PRT","Portugal","ST","Level, ratio or index","A","Annual","2007","2007","PC","Percentage","0","Units",,,-9.72435699721966,,
"B6BLTT02","Current account as a % of GDP, s.a.","PRT","Portugal","ST","Level, ratio or index","A","Annual","2008","2008","PC","Percentage","0","Units",,,-12.1247158740801,,
"B6BLTT02","Current account as a % of GDP, s.a.","PRT","Portugal","ST","Level, ratio or index","A","Annual","2009","2009","PC","Percentage","0","Units",,,-10.4180021959152,,
"B6BLTT02","Current account as a % of GDP, s.a.","PRT","Portugal","ST","Level, ratio or index","A","Annual","2010","2010","PC","Percentage","0","Units",,,-10.148752365612,,
"B6BLTT02","Current account as a % of GDP, s.a.","PRT","Portugal","ST","Level, ratio or index","A","Annual","2011","2011","PC","Percentage","0","Units",,,-5.97817135489063,,
"B6BLTT02","Current account as a % of GDP, s.a.","PRT","Portugal","ST","Level, ratio or index","A","Annual","2012","2012","PC","Percentage","0","Units",,,-1.7768209439395,,
"B6BLTT02","Current account as a % of GDP, s.a.","PRT","Portugal","ST","Level, ratio or index","A","Annual","2013","2013","PC","Percentage","0","Units",,,1.56398807857024,,
"B6BLTT02","Current account as a % of GDP, s.a.","PRT","Portugal","ST","Level, ratio or index","A","Annual","2014","2014","PC","Percentage","0","Units",,,0.0616952953804261,,
"B6BLTT02","Current account as a % of GDP, s.a.","PRT","Portugal","ST","Level, ratio or index","A","Annual","2015","2015","PC","Percentage","0","Units",,,0.0670925244748566,,
"B6BLTT02","Current account as a % of GDP, s.a.","PRT","Portugal","ST","Level, ratio or index","A","Annual","2016","2016","PC","Percentage","0","Units",,,0.84070015415364,,
"B6BLTT02","Current account as a % of GDP, s.a.","SWE","Sweden","ST","Level, ratio or index","A","Annual","1993","1993","PC","Percentage","0","Units",,,-1.24861630852585,,
"B6BLTT02","Current account as a % of GDP, s.a.","SWE","Sweden","ST","Level, ratio or index","A","Annual","1994","1994","PC","Percentage","0","Units",,,1.04085737698252,,
"B6BLTT02","Current account as a % of GDP, s.a.","SWE","Sweden","ST","Level, ratio or index","A","Annual","1995","1995","PC","Percentage","0","Units",,,3.18816727244308,,
"B6BLTT02","Current account as a % of GDP, s.a.","SWE","Sweden","ST","Level, ratio or index","A","Annual","1996","1996","PC","Percentage","0","Units",,,3.34287148045812,,
"B6BLTT02","Current account as a % of GDP, s.a.","SWE","Sweden","ST","Level, ratio or index","A","Annual","1997","1997","PC","Percentage","0","Units",,,3.89445006042771,,
"B6BLTT02","Current account as a % of GDP, s.a.","SWE","Sweden","ST","Level, ratio or index","A","Annual","1998","1998","PC","Percentage","0","Units",,,3.62956723217336,,
"B6BLTT02","Current account as a % of GDP, s.a.","SWE","Sweden","ST","Level, ratio or index","A","Annual","1999","1999","PC","Percentage","0","Units",,,3.93450518259471,,
"B6BLTT02","Current account as a % of GDP, s.a.","SWE","Sweden","ST","Level, ratio or index","A","Annual","2000","2000","PC","Percentage","0","Units",,,3.95405759373119,,
"B6BLTT02","Current account as a % of GDP, s.a.","SWE","Sweden","ST","Level, ratio or index","A","Annual","2001","2001","PC","Percentage","0","Units",,,4.72582792729836,,
"B6BLTT02","Current account as a % of GDP, s.a.","SWE","Sweden","ST","Level, ratio or index","A","Annual","2002","2002","PC","Percentage","0","Units",,,4.48404925230609,,
"B6BLTT02","Current account as a % of GDP, s.a.","SWE","Sweden","ST","Level, ratio or index","A","Annual","2003","2003","PC","Percentage","0","Units",,,5.87231333880937,,
"B6BLTT02","Current account as a % of GDP, s.a.","SWE","Sweden","ST","Level, ratio or index","A","Annual","2004","2004","PC","Percentage","0","Units",,,6.01417707066757,,
"B6BLTT02","Current account as a % of GDP, s.a.","SWE","Sweden","ST","Level, ratio or index","A","Annual","2005","2005","PC","Percentage","0","Units",,,6.05805348619217,,
"B6BLTT02","Current account as a % of GDP, s.a.","SWE","Sweden","ST","Level, ratio or index","A","Annual","2006","2006","PC","Percentage","0","Units",,,8.19495084475441,,
"B6BLTT02","Current account as a % of GDP, s.a.","SWE","Sweden","ST","Level, ratio or index","A","Annual","2007","2007","PC","Percentage","0","Units",,,8.15607919919875,,
"B6BLTT02","Current account as a % of GDP, s.a.","SWE","Sweden","ST","Level, ratio or index","A","Annual","2008","2008","PC","Percentage","0","Units",,,7.85093795473769,,
"B6BLTT02","Current account as a % of GDP, s.a.","SWE","Sweden","ST","Level, ratio or index","A","Annual","2009","2009","PC","Percentage","0","Units",,,6.03219031998398,,
"B6BLTT02","Current account as a % of GDP, s.a.","SWE","Sweden","ST","Level, ratio or index","A","Annual","2010","2010","PC","Percentage","0","Units",,,5.96188754330434,,
"B6BLTT02","Current account as a % of GDP, s.a.","SWE","Sweden","ST","Level, ratio or index","A","Annual","2011","2011","PC","Percentage","0","Units",,,5.54828253855112,,
"B6BLTT02","Current account as a % of GDP, s.a.","SWE","Sweden","ST","Level, ratio or index","A","Annual","2012","2012","PC","Percentage","0","Units",,,5.58321586131916,,
"B6BLTT02","Current account as a % of GDP, s.a.","SWE","Sweden","ST","Level, ratio or index","A","Annual","2013","2013","PC","Percentage","0","Units",,,5.258623665007,,
"B6BLTT02","Current account as a % of GDP, s.a.","SWE","Sweden","ST","Level, ratio or index","A","Annual","2014","2014","PC","Percentage","0","Units",,,4.62710643215012,,
"B6BLTT02","Current account as a % of GDP, s.a.","SWE","Sweden","ST","Level, ratio or index","A","Annual","2015","2015","PC","Percentage","0","Units",,,4.69832893983983,,
"B6BLTT02","Current account as a % of GDP, s.a.","SWE","Sweden","ST","Level, ratio or index","A","Annual","2016","2016","PC","Percentage","0","Units",,,4.51200659952888,,
