"COUNTRY","Country","SERIES","Series","TIME","Time","Unit Code","Unit","PowerCode Code","PowerCode","Reference Period Code","Reference Period","Value","Flag Codes","Flags"
"AUT","Austria","EPRC_V1","Version 1 (1985-2013)","1991","1991","IDX","Index","0","Units",,,2.75,,
"AUT","Austria","EPRC_V1","Version 1 (1985-2013)","1992","1992","IDX","Index","0","Units",,,2.75,,
"AUT","Austria","EPRC_V1","Version 1 (1985-2013)","1993","1993","IDX","Index","0","Units",,,2.75,,
"AUT","Austria","EPRC_V1","Version 1 (1985-2013)","1994","1994","IDX","Index","0","Units",,,2.75,,
"AUT","Austria","EPRC_V1","Version 1 (1985-2013)","1995","1995","IDX","Index","0","Units",,,2.75,,
"AUT","Austria","EPRC_V1","Version 1 (1985-2013)","1996","1996","IDX","Index","0","Units",,,2.75,,
"AUT","Austria","EPRC_V1","Version 1 (1985-2013)","1997","1997","IDX","Index","0","Units",,,2.75,,
"AUT","Austria","EPRC_V1","Version 1 (1985-2013)","1998","1998","IDX","Index","0","Units",,,2.75,,
"AUT","Austria","EPRC_V1","Version 1 (1985-2013)","1999","1999","IDX","Index","0","Units",,,2.75,,
"AUT","Austria","EPRC_V1","Version 1 (1985-2013)","2000","2000","IDX","Index","0","Units",,,2.75,,
"AUT","Austria","EPRC_V1","Version 1 (1985-2013)","2001","2001","IDX","Index","0","Units",,,2.75,,
"AUT","Austria","EPRC_V1","Version 1 (1985-2013)","2002","2002","IDX","Index","0","Units",,,2.75,,
"AUT","Austria","EPRC_V1","Version 1 (1985-2013)","2003","2003","IDX","Index","0","Units",,,2.3690476,,
"AUT","Austria","EPRC_V1","Version 1 (1985-2013)","2004","2004","IDX","Index","0","Units",,,2.3690476,,
"AUT","Austria","EPRC_V1","Version 1 (1985-2013)","2005","2005","IDX","Index","0","Units",,,2.3690476,,
"AUT","Austria","EPRC_V1","Version 1 (1985-2013)","2006","2006","IDX","Index","0","Units",,,2.3690476,,
"AUT","Austria","EPRC_V1","Version 1 (1985-2013)","2007","2007","IDX","Index","0","Units",,,2.3690476,,
"AUT","Austria","EPRC_V1","Version 1 (1985-2013)","2008","2008","IDX","Index","0","Units",,,2.3690476,,
"AUT","Austria","EPRC_V1","Version 1 (1985-2013)","2009","2009","IDX","Index","0","Units",,,2.3690476,,
"AUT","Austria","EPRC_V1","Version 1 (1985-2013)","2010","2010","IDX","Index","0","Units",,,2.3690476,,
"AUT","Austria","EPRC_V1","Version 1 (1985-2013)","2011","2011","IDX","Index","0","Units",,,2.3690476,,
"AUT","Austria","EPRC_V1","Version 1 (1985-2013)","2012","2012","IDX","Index","0","Units",,,2.3690476,,
"AUT","Austria","EPRC_V1","Version 1 (1985-2013)","2013","2013","IDX","Index","0","Units",,,2.3690476,,
"BEL","Belgium","EPRC_V1","Version 1 (1985-2013)","1991","1991","IDX","Index","0","Units",,,1.8452381,,
"BEL","Belgium","EPRC_V1","Version 1 (1985-2013)","1992","1992","IDX","Index","0","Units",,,1.8452381,,
"BEL","Belgium","EPRC_V1","Version 1 (1985-2013)","1993","1993","IDX","Index","0","Units",,,1.8452381,,
"BEL","Belgium","EPRC_V1","Version 1 (1985-2013)","1994","1994","IDX","Index","0","Units",,,1.8452381,,
"BEL","Belgium","EPRC_V1","Version 1 (1985-2013)","1995","1995","IDX","Index","0","Units",,,1.8452381,,
"BEL","Belgium","EPRC_V1","Version 1 (1985-2013)","1996","1996","IDX","Index","0","Units",,,1.8452381,,
"BEL","Belgium","EPRC_V1","Version 1 (1985-2013)","1997","1997","IDX","Index","0","Units",,,1.8452381,,
"BEL","Belgium","EPRC_V1","Version 1 (1985-2013)","1998","1998","IDX","Index","0","Units",,,1.8452381,,
"BEL","Belgium","EPRC_V1","Version 1 (1985-2013)","1999","1999","IDX","Index","0","Units",,,1.8452381,,
"BEL","Belgium","EPRC_V1","Version 1 (1985-2013)","2000","2000","IDX","Index","0","Units",,,1.8452381,,
"BEL","Belgium","EPRC_V1","Version 1 (1985-2013)","2001","2001","IDX","Index","0","Units",,,1.8928572,,
"BEL","Belgium","EPRC_V1","Version 1 (1985-2013)","2002","2002","IDX","Index","0","Units",,,1.8928572,,
"BEL","Belgium","EPRC_V1","Version 1 (1985-2013)","2003","2003","IDX","Index","0","Units",,,1.8928572,,
"BEL","Belgium","EPRC_V1","Version 1 (1985-2013)","2004","2004","IDX","Index","0","Units",,,1.8928572,,
"BEL","Belgium","EPRC_V1","Version 1 (1985-2013)","2005","2005","IDX","Index","0","Units",,,1.8928572,,
"BEL","Belgium","EPRC_V1","Version 1 (1985-2013)","2006","2006","IDX","Index","0","Units",,,1.8928572,,
"BEL","Belgium","EPRC_V1","Version 1 (1985-2013)","2007","2007","IDX","Index","0","Units",,,1.8928572,,
"BEL","Belgium","EPRC_V1","Version 1 (1985-2013)","2008","2008","IDX","Index","0","Units",,,1.8928572,,
"BEL","Belgium","EPRC_V1","Version 1 (1985-2013)","2009","2009","IDX","Index","0","Units",,,1.8928572,,
"BEL","Belgium","EPRC_V1","Version 1 (1985-2013)","2010","2010","IDX","Index","0","Units",,,2.0833333,,
"BEL","Belgium","EPRC_V1","Version 1 (1985-2013)","2011","2011","IDX","Index","0","Units",,,2.0833333,,
"BEL","Belgium","EPRC_V1","Version 1 (1985-2013)","2012","2012","IDX","Index","0","Units",,,1.8928572,,
"BEL","Belgium","EPRC_V1","Version 1 (1985-2013)","2013","2013","IDX","Index","0","Units",,,1.8928572,,
"CAN","Canada","EPRC_V1","Version 1 (1985-2013)","1991","1991","IDX","Index","0","Units",,,0.92063493,,
"CAN","Canada","EPRC_V1","Version 1 (1985-2013)","1992","1992","IDX","Index","0","Units",,,0.92063493,,
"CAN","Canada","EPRC_V1","Version 1 (1985-2013)","1993","1993","IDX","Index","0","Units",,,0.92063493,,
"CAN","Canada","EPRC_V1","Version 1 (1985-2013)","1994","1994","IDX","Index","0","Units",,,0.92063493,,
"CAN","Canada","EPRC_V1","Version 1 (1985-2013)","1995","1995","IDX","Index","0","Units",,,0.92063493,,
"CAN","Canada","EPRC_V1","Version 1 (1985-2013)","1996","1996","IDX","Index","0","Units",,,0.92063493,,
"CAN","Canada","EPRC_V1","Version 1 (1985-2013)","1997","1997","IDX","Index","0","Units",,,0.92063493,,
"CAN","Canada","EPRC_V1","Version 1 (1985-2013)","1998","1998","IDX","Index","0","Units",,,0.92063493,,
"CAN","Canada","EPRC_V1","Version 1 (1985-2013)","1999","1999","IDX","Index","0","Units",,,0.92063493,,
"CAN","Canada","EPRC_V1","Version 1 (1985-2013)","2000","2000","IDX","Index","0","Units",,,0.92063493,,
"CAN","Canada","EPRC_V1","Version 1 (1985-2013)","2001","2001","IDX","Index","0","Units",,,0.92063493,,
"CAN","Canada","EPRC_V1","Version 1 (1985-2013)","2002","2002","IDX","Index","0","Units",,,0.92063493,,
"CAN","Canada","EPRC_V1","Version 1 (1985-2013)","2003","2003","IDX","Index","0","Units",,,0.92063493,,
"CAN","Canada","EPRC_V1","Version 1 (1985-2013)","2004","2004","IDX","Index","0","Units",,,0.92063493,,
"CAN","Canada","EPRC_V1","Version 1 (1985-2013)","2005","2005","IDX","Index","0","Units",,,0.92063493,,
"CAN","Canada","EPRC_V1","Version 1 (1985-2013)","2006","2006","IDX","Index","0","Units",,,0.92063493,,
"CAN","Canada","EPRC_V1","Version 1 (1985-2013)","2007","2007","IDX","Index","0","Units",,,0.92063493,,
"CAN","Canada","EPRC_V1","Version 1 (1985-2013)","2008","2008","IDX","Index","0","Units",,,0.92063493,,
"CAN","Canada","EPRC_V1","Version 1 (1985-2013)","2009","2009","IDX","Index","0","Units",,,0.92063493,,
"CAN","Canada","EPRC_V1","Version 1 (1985-2013)","2010","2010","IDX","Index","0","Units",,,0.92063493,,
"CAN","Canada","EPRC_V1","Version 1 (1985-2013)","2011","2011","IDX","Index","0","Units",,,0.92063493,,
"CAN","Canada","EPRC_V1","Version 1 (1985-2013)","2012","2012","IDX","Index","0","Units",,,0.92063493,,
"CAN","Canada","EPRC_V1","Version 1 (1985-2013)","2013","2013","IDX","Index","0","Units",,,0.92063493,,
"CZE","Czech Republic","EPRC_V1","Version 1 (1985-2013)","1993","1993","IDX","Index","0","Units",,,3.3055556,,
"CZE","Czech Republic","EPRC_V1","Version 1 (1985-2013)","1994","1994","IDX","Index","0","Units",,,3.3055556,,
"CZE","Czech Republic","EPRC_V1","Version 1 (1985-2013)","1995","1995","IDX","Index","0","Units",,,3.3055556,,
"CZE","Czech Republic","EPRC_V1","Version 1 (1985-2013)","1996","1996","IDX","Index","0","Units",,,3.3055556,,
"CZE","Czech Republic","EPRC_V1","Version 1 (1985-2013)","1997","1997","IDX","Index","0","Units",,,3.3055556,,
"CZE","Czech Republic","EPRC_V1","Version 1 (1985-2013)","1998","1998","IDX","Index","0","Units",,,3.3055556,,
"CZE","Czech Republic","EPRC_V1","Version 1 (1985-2013)","1999","1999","IDX","Index","0","Units",,,3.3055556,,
"CZE","Czech Republic","EPRC_V1","Version 1 (1985-2013)","2000","2000","IDX","Index","0","Units",,,3.3055556,,
"CZE","Czech Republic","EPRC_V1","Version 1 (1985-2013)","2001","2001","IDX","Index","0","Units",,,3.3055556,,
"CZE","Czech Republic","EPRC_V1","Version 1 (1985-2013)","2002","2002","IDX","Index","0","Units",,,3.3055556,,
"CZE","Czech Republic","EPRC_V1","Version 1 (1985-2013)","2003","2003","IDX","Index","0","Units",,,3.3055556,,
"CZE","Czech Republic","EPRC_V1","Version 1 (1985-2013)","2004","2004","IDX","Index","0","Units",,,3.3055556,,
"CZE","Czech Republic","EPRC_V1","Version 1 (1985-2013)","2005","2005","IDX","Index","0","Units",,,3.3055556,,
"CZE","Czech Republic","EPRC_V1","Version 1 (1985-2013)","2006","2006","IDX","Index","0","Units",,,3.3055556,,
"CZE","Czech Republic","EPRC_V1","Version 1 (1985-2013)","2007","2007","IDX","Index","0","Units",,,3.0515873,,
"CZE","Czech Republic","EPRC_V1","Version 1 (1985-2013)","2008","2008","IDX","Index","0","Units",,,3.0515873,,
"CZE","Czech Republic","EPRC_V1","Version 1 (1985-2013)","2009","2009","IDX","Index","0","Units",,,3.0515873,,
"CZE","Czech Republic","EPRC_V1","Version 1 (1985-2013)","2010","2010","IDX","Index","0","Units",,,3.0515873,,
"CZE","Czech Republic","EPRC_V1","Version 1 (1985-2013)","2011","2011","IDX","Index","0","Units",,,3.0515873,,
"CZE","Czech Republic","EPRC_V1","Version 1 (1985-2013)","2012","2012","IDX","Index","0","Units",,,2.9246032,,
"CZE","Czech Republic","EPRC_V1","Version 1 (1985-2013)","2013","2013","IDX","Index","0","Units",,,2.9246032,,
"DNK","Denmark","EPRC_V1","Version 1 (1985-2013)","1991","1991","IDX","Index","0","Units",,,2.1825397,,
"DNK","Denmark","EPRC_V1","Version 1 (1985-2013)","1992","1992","IDX","Index","0","Units",,,2.1825397,,
"DNK","Denmark","EPRC_V1","Version 1 (1985-2013)","1993","1993","IDX","Index","0","Units",,,2.1825397,,
"DNK","Denmark","EPRC_V1","Version 1 (1985-2013)","1994","1994","IDX","Index","0","Units",,,2.1825397,,
"DNK","Denmark","EPRC_V1","Version 1 (1985-2013)","1995","1995","IDX","Index","0","Units",,,2.1349206,,
"DNK","Denmark","EPRC_V1","Version 1 (1985-2013)","1996","1996","IDX","Index","0","Units",,,2.1349206,,
"DNK","Denmark","EPRC_V1","Version 1 (1985-2013)","1997","1997","IDX","Index","0","Units",,,2.1349206,,
"DNK","Denmark","EPRC_V1","Version 1 (1985-2013)","1998","1998","IDX","Index","0","Units",,,2.1349206,,
"DNK","Denmark","EPRC_V1","Version 1 (1985-2013)","1999","1999","IDX","Index","0","Units",,,2.1349206,,
"DNK","Denmark","EPRC_V1","Version 1 (1985-2013)","2000","2000","IDX","Index","0","Units",,,2.1349206,,
"DNK","Denmark","EPRC_V1","Version 1 (1985-2013)","2001","2001","IDX","Index","0","Units",,,2.1349206,,
"DNK","Denmark","EPRC_V1","Version 1 (1985-2013)","2002","2002","IDX","Index","0","Units",,,2.1349206,,
"DNK","Denmark","EPRC_V1","Version 1 (1985-2013)","2003","2003","IDX","Index","0","Units",,,2.1349206,,
"DNK","Denmark","EPRC_V1","Version 1 (1985-2013)","2004","2004","IDX","Index","0","Units",,,2.1349206,,
"DNK","Denmark","EPRC_V1","Version 1 (1985-2013)","2005","2005","IDX","Index","0","Units",,,2.1349206,,
"DNK","Denmark","EPRC_V1","Version 1 (1985-2013)","2006","2006","IDX","Index","0","Units",,,2.1349206,,
"DNK","Denmark","EPRC_V1","Version 1 (1985-2013)","2007","2007","IDX","Index","0","Units",,,2.1349206,,
"DNK","Denmark","EPRC_V1","Version 1 (1985-2013)","2008","2008","IDX","Index","0","Units",,,2.1349206,,
"DNK","Denmark","EPRC_V1","Version 1 (1985-2013)","2009","2009","IDX","Index","0","Units",,,2.1349206,,
"DNK","Denmark","EPRC_V1","Version 1 (1985-2013)","2010","2010","IDX","Index","0","Units",,,2.1349206,,
"DNK","Denmark","EPRC_V1","Version 1 (1985-2013)","2011","2011","IDX","Index","0","Units",,,2.1984127,,
"DNK","Denmark","EPRC_V1","Version 1 (1985-2013)","2012","2012","IDX","Index","0","Units",,,2.1984127,,
"DNK","Denmark","EPRC_V1","Version 1 (1985-2013)","2013","2013","IDX","Index","0","Units",,,2.1984127,,
"FIN","Finland","EPRC_V1","Version 1 (1985-2013)","1991","1991","IDX","Index","0","Units",,,2.7857141,,
"FIN","Finland","EPRC_V1","Version 1 (1985-2013)","1992","1992","IDX","Index","0","Units",,,2.4523809,,
"FIN","Finland","EPRC_V1","Version 1 (1985-2013)","1993","1993","IDX","Index","0","Units",,,2.4523809,,
"FIN","Finland","EPRC_V1","Version 1 (1985-2013)","1994","1994","IDX","Index","0","Units",,,2.4523809,,
"FIN","Finland","EPRC_V1","Version 1 (1985-2013)","1995","1995","IDX","Index","0","Units",,,2.4523809,,
"FIN","Finland","EPRC_V1","Version 1 (1985-2013)","1996","1996","IDX","Index","0","Units",,,2.4523809,,
"FIN","Finland","EPRC_V1","Version 1 (1985-2013)","1997","1997","IDX","Index","0","Units",,,2.3095238,,
"FIN","Finland","EPRC_V1","Version 1 (1985-2013)","1998","1998","IDX","Index","0","Units",,,2.3095238,,
"FIN","Finland","EPRC_V1","Version 1 (1985-2013)","1999","1999","IDX","Index","0","Units",,,2.3095238,,
"FIN","Finland","EPRC_V1","Version 1 (1985-2013)","2000","2000","IDX","Index","0","Units",,,2.3095238,,
"FIN","Finland","EPRC_V1","Version 1 (1985-2013)","2001","2001","IDX","Index","0","Units",,,2.3095238,,
"FIN","Finland","EPRC_V1","Version 1 (1985-2013)","2002","2002","IDX","Index","0","Units",,,2.1666667,,
"FIN","Finland","EPRC_V1","Version 1 (1985-2013)","2003","2003","IDX","Index","0","Units",,,2.1666667,,
"FIN","Finland","EPRC_V1","Version 1 (1985-2013)","2004","2004","IDX","Index","0","Units",,,2.1666667,,
"FIN","Finland","EPRC_V1","Version 1 (1985-2013)","2005","2005","IDX","Index","0","Units",,,2.1666667,,
"FIN","Finland","EPRC_V1","Version 1 (1985-2013)","2006","2006","IDX","Index","0","Units",,,2.1666667,,
"FIN","Finland","EPRC_V1","Version 1 (1985-2013)","2007","2007","IDX","Index","0","Units",,,2.1666667,,
"FIN","Finland","EPRC_V1","Version 1 (1985-2013)","2008","2008","IDX","Index","0","Units",,,2.1666667,,
"FIN","Finland","EPRC_V1","Version 1 (1985-2013)","2009","2009","IDX","Index","0","Units",,,2.1666667,,
"FIN","Finland","EPRC_V1","Version 1 (1985-2013)","2010","2010","IDX","Index","0","Units",,,2.1666667,,
"FIN","Finland","EPRC_V1","Version 1 (1985-2013)","2011","2011","IDX","Index","0","Units",,,2.1666667,,
"FIN","Finland","EPRC_V1","Version 1 (1985-2013)","2012","2012","IDX","Index","0","Units",,,2.1666667,,
"FIN","Finland","EPRC_V1","Version 1 (1985-2013)","2013","2013","IDX","Index","0","Units",,,2.1666667,,
"FRA","France","EPRC_V1","Version 1 (1985-2013)","1991","1991","IDX","Index","0","Units",,,2.34127,,
"FRA","France","EPRC_V1","Version 1 (1985-2013)","1992","1992","IDX","Index","0","Units",,,2.34127,,
"FRA","France","EPRC_V1","Version 1 (1985-2013)","1993","1993","IDX","Index","0","Units",,,2.34127,,
"FRA","France","EPRC_V1","Version 1 (1985-2013)","1994","1994","IDX","Index","0","Units",,,2.34127,,
"FRA","France","EPRC_V1","Version 1 (1985-2013)","1995","1995","IDX","Index","0","Units",,,2.34127,,
"FRA","France","EPRC_V1","Version 1 (1985-2013)","1996","1996","IDX","Index","0","Units",,,2.34127,,
"FRA","France","EPRC_V1","Version 1 (1985-2013)","1997","1997","IDX","Index","0","Units",,,2.34127,,
"FRA","France","EPRC_V1","Version 1 (1985-2013)","1998","1998","IDX","Index","0","Units",,,2.34127,,
"FRA","France","EPRC_V1","Version 1 (1985-2013)","1999","1999","IDX","Index","0","Units",,,2.34127,,
"FRA","France","EPRC_V1","Version 1 (1985-2013)","2000","2000","IDX","Index","0","Units",,,2.34127,,
"FRA","France","EPRC_V1","Version 1 (1985-2013)","2001","2001","IDX","Index","0","Units",,,2.34127,,
"FRA","France","EPRC_V1","Version 1 (1985-2013)","2002","2002","IDX","Index","0","Units",,,2.34127,,
"FRA","France","EPRC_V1","Version 1 (1985-2013)","2003","2003","IDX","Index","0","Units",,,2.4682541,,
"FRA","France","EPRC_V1","Version 1 (1985-2013)","2004","2004","IDX","Index","0","Units",,,2.4682541,,
"FRA","France","EPRC_V1","Version 1 (1985-2013)","2005","2005","IDX","Index","0","Units",,,2.4682541,,
"FRA","France","EPRC_V1","Version 1 (1985-2013)","2006","2006","IDX","Index","0","Units",,,2.4682541,,
"FRA","France","EPRC_V1","Version 1 (1985-2013)","2007","2007","IDX","Index","0","Units",,,2.4682541,,
"FRA","France","EPRC_V1","Version 1 (1985-2013)","2008","2008","IDX","Index","0","Units",,,2.4682541,,
"FRA","France","EPRC_V1","Version 1 (1985-2013)","2009","2009","IDX","Index","0","Units",,,2.3849206,,
"FRA","France","EPRC_V1","Version 1 (1985-2013)","2010","2010","IDX","Index","0","Units",,,2.3849206,,
"FRA","France","EPRC_V1","Version 1 (1985-2013)","2011","2011","IDX","Index","0","Units",,,2.3849206,,
"FRA","France","EPRC_V1","Version 1 (1985-2013)","2012","2012","IDX","Index","0","Units",,,2.3849206,,
"FRA","France","EPRC_V1","Version 1 (1985-2013)","2013","2013","IDX","Index","0","Units",,,2.3849206,,
"DEU","Germany","EPRC_V1","Version 1 (1985-2013)","1991","1991","IDX","Index","0","Units",,,2.5833333,,
"DEU","Germany","EPRC_V1","Version 1 (1985-2013)","1992","1992","IDX","Index","0","Units",,,2.5833333,,
"DEU","Germany","EPRC_V1","Version 1 (1985-2013)","1993","1993","IDX","Index","0","Units",,,2.5833333,,
"DEU","Germany","EPRC_V1","Version 1 (1985-2013)","1994","1994","IDX","Index","0","Units",,,2.6785715,,
"DEU","Germany","EPRC_V1","Version 1 (1985-2013)","1995","1995","IDX","Index","0","Units",,,2.6785715,,
"DEU","Germany","EPRC_V1","Version 1 (1985-2013)","1996","1996","IDX","Index","0","Units",,,2.6785715,,
"DEU","Germany","EPRC_V1","Version 1 (1985-2013)","1997","1997","IDX","Index","0","Units",,,2.6785715,,
"DEU","Germany","EPRC_V1","Version 1 (1985-2013)","1998","1998","IDX","Index","0","Units",,,2.6785715,,
"DEU","Germany","EPRC_V1","Version 1 (1985-2013)","1999","1999","IDX","Index","0","Units",,,2.6785715,,
"DEU","Germany","EPRC_V1","Version 1 (1985-2013)","2000","2000","IDX","Index","0","Units",,,2.6785715,,
"DEU","Germany","EPRC_V1","Version 1 (1985-2013)","2001","2001","IDX","Index","0","Units",,,2.6785715,,
"DEU","Germany","EPRC_V1","Version 1 (1985-2013)","2002","2002","IDX","Index","0","Units",,,2.6785715,,
"DEU","Germany","EPRC_V1","Version 1 (1985-2013)","2003","2003","IDX","Index","0","Units",,,2.6785715,,
"DEU","Germany","EPRC_V1","Version 1 (1985-2013)","2004","2004","IDX","Index","0","Units",,,2.6785715,,
"DEU","Germany","EPRC_V1","Version 1 (1985-2013)","2005","2005","IDX","Index","0","Units",,,2.6785715,,
"DEU","Germany","EPRC_V1","Version 1 (1985-2013)","2006","2006","IDX","Index","0","Units",,,2.6785715,,
"DEU","Germany","EPRC_V1","Version 1 (1985-2013)","2007","2007","IDX","Index","0","Units",,,2.6785715,,
"DEU","Germany","EPRC_V1","Version 1 (1985-2013)","2008","2008","IDX","Index","0","Units",,,2.6785715,,
"DEU","Germany","EPRC_V1","Version 1 (1985-2013)","2009","2009","IDX","Index","0","Units",,,2.6785715,,
"DEU","Germany","EPRC_V1","Version 1 (1985-2013)","2010","2010","IDX","Index","0","Units",,,2.6785715,,
"DEU","Germany","EPRC_V1","Version 1 (1985-2013)","2011","2011","IDX","Index","0","Units",,,2.6785715,,
"DEU","Germany","EPRC_V1","Version 1 (1985-2013)","2012","2012","IDX","Index","0","Units",,,2.6785715,,
"DEU","Germany","EPRC_V1","Version 1 (1985-2013)","2013","2013","IDX","Index","0","Units",,,2.6785715,,
"GRC","Greece","EPRC_V1","Version 1 (1985-2013)","1991","1991","IDX","Index","0","Units",,,2.8015873,,
"GRC","Greece","EPRC_V1","Version 1 (1985-2013)","1992","1992","IDX","Index","0","Units",,,2.8015873,,
"GRC","Greece","EPRC_V1","Version 1 (1985-2013)","1993","1993","IDX","Index","0","Units",,,2.8015873,,
"GRC","Greece","EPRC_V1","Version 1 (1985-2013)","1994","1994","IDX","Index","0","Units",,,2.8015873,,
"GRC","Greece","EPRC_V1","Version 1 (1985-2013)","1995","1995","IDX","Index","0","Units",,,2.8015873,,
"GRC","Greece","EPRC_V1","Version 1 (1985-2013)","1996","1996","IDX","Index","0","Units",,,2.8015873,,
"GRC","Greece","EPRC_V1","Version 1 (1985-2013)","1997","1997","IDX","Index","0","Units",,,2.8015873,,
"GRC","Greece","EPRC_V1","Version 1 (1985-2013)","1998","1998","IDX","Index","0","Units",,,2.8015873,,
"GRC","Greece","EPRC_V1","Version 1 (1985-2013)","1999","1999","IDX","Index","0","Units",,,2.8015873,,
"GRC","Greece","EPRC_V1","Version 1 (1985-2013)","2000","2000","IDX","Index","0","Units",,,2.8015873,,
"GRC","Greece","EPRC_V1","Version 1 (1985-2013)","2001","2001","IDX","Index","0","Units",,,2.8015873,,
"GRC","Greece","EPRC_V1","Version 1 (1985-2013)","2002","2002","IDX","Index","0","Units",,,2.8015873,,
"GRC","Greece","EPRC_V1","Version 1 (1985-2013)","2003","2003","IDX","Index","0","Units",,,2.8015873,,
"GRC","Greece","EPRC_V1","Version 1 (1985-2013)","2004","2004","IDX","Index","0","Units",,,2.8015873,,
"GRC","Greece","EPRC_V1","Version 1 (1985-2013)","2005","2005","IDX","Index","0","Units",,,2.8015873,,
"GRC","Greece","EPRC_V1","Version 1 (1985-2013)","2006","2006","IDX","Index","0","Units",,,2.8015873,,
"GRC","Greece","EPRC_V1","Version 1 (1985-2013)","2007","2007","IDX","Index","0","Units",,,2.8015873,,
"GRC","Greece","EPRC_V1","Version 1 (1985-2013)","2008","2008","IDX","Index","0","Units",,,2.8015873,,
"GRC","Greece","EPRC_V1","Version 1 (1985-2013)","2009","2009","IDX","Index","0","Units",,,2.8015873,,
"GRC","Greece","EPRC_V1","Version 1 (1985-2013)","2010","2010","IDX","Index","0","Units",,,2.8015873,,
"GRC","Greece","EPRC_V1","Version 1 (1985-2013)","2011","2011","IDX","Index","0","Units",,,2.1666667,,
"GRC","Greece","EPRC_V1","Version 1 (1985-2013)","2012","2012","IDX","Index","0","Units",,,2.1666667,,
"GRC","Greece","EPRC_V1","Version 1 (1985-2013)","2013","2013","IDX","Index","0","Units",,,2.1190476,,
"HUN","Hungary","EPRC_V1","Version 1 (1985-2013)","1991","1991","IDX","Index","0","Units",,,2.0039682,,
"HUN","Hungary","EPRC_V1","Version 1 (1985-2013)","1992","1992","IDX","Index","0","Units",,,2.0039682,,
"HUN","Hungary","EPRC_V1","Version 1 (1985-2013)","1993","1993","IDX","Index","0","Units",,,2.0039682,,
"HUN","Hungary","EPRC_V1","Version 1 (1985-2013)","1994","1994","IDX","Index","0","Units",,,2.0039682,,
"HUN","Hungary","EPRC_V1","Version 1 (1985-2013)","1995","1995","IDX","Index","0","Units",,,2.0039682,,
"HUN","Hungary","EPRC_V1","Version 1 (1985-2013)","1996","1996","IDX","Index","0","Units",,,2.0039682,,
"HUN","Hungary","EPRC_V1","Version 1 (1985-2013)","1997","1997","IDX","Index","0","Units",,,2.0039682,,
"HUN","Hungary","EPRC_V1","Version 1 (1985-2013)","1998","1998","IDX","Index","0","Units",,,2.0039682,,
"HUN","Hungary","EPRC_V1","Version 1 (1985-2013)","1999","1999","IDX","Index","0","Units",,,2.0039682,,
"HUN","Hungary","EPRC_V1","Version 1 (1985-2013)","2000","2000","IDX","Index","0","Units",,,2.0039682,,
"HUN","Hungary","EPRC_V1","Version 1 (1985-2013)","2001","2001","IDX","Index","0","Units",,,2.0039682,,
"HUN","Hungary","EPRC_V1","Version 1 (1985-2013)","2002","2002","IDX","Index","0","Units",,,2.0039682,,
"HUN","Hungary","EPRC_V1","Version 1 (1985-2013)","2003","2003","IDX","Index","0","Units",,,2.0039682,,
"HUN","Hungary","EPRC_V1","Version 1 (1985-2013)","2004","2004","IDX","Index","0","Units",,,2.0039682,,
"HUN","Hungary","EPRC_V1","Version 1 (1985-2013)","2005","2005","IDX","Index","0","Units",,,2.0039682,,
"HUN","Hungary","EPRC_V1","Version 1 (1985-2013)","2006","2006","IDX","Index","0","Units",,,2.0039682,,
"HUN","Hungary","EPRC_V1","Version 1 (1985-2013)","2007","2007","IDX","Index","0","Units",,,2.0039682,,
"HUN","Hungary","EPRC_V1","Version 1 (1985-2013)","2008","2008","IDX","Index","0","Units",,,2.0039682,,
"HUN","Hungary","EPRC_V1","Version 1 (1985-2013)","2009","2009","IDX","Index","0","Units",,,2.0039682,,
"HUN","Hungary","EPRC_V1","Version 1 (1985-2013)","2010","2010","IDX","Index","0","Units",,,2.0039682,,
"HUN","Hungary","EPRC_V1","Version 1 (1985-2013)","2011","2011","IDX","Index","0","Units",,,2.0039682,,
"HUN","Hungary","EPRC_V1","Version 1 (1985-2013)","2012","2012","IDX","Index","0","Units",,,2.0039682,,
"HUN","Hungary","EPRC_V1","Version 1 (1985-2013)","2013","2013","IDX","Index","0","Units",,,1.5873016,,
"ISL","Iceland","EPRC_V1","Version 1 (1985-2013)","2008","2008","IDX","Index","0","Units",,,1.7301587,,
"ISL","Iceland","EPRC_V1","Version 1 (1985-2013)","2009","2009","IDX","Index","0","Units",,,1.7301587,,
"ISL","Iceland","EPRC_V1","Version 1 (1985-2013)","2010","2010","IDX","Index","0","Units",,,1.7301587,,
"ISL","Iceland","EPRC_V1","Version 1 (1985-2013)","2011","2011","IDX","Index","0","Units",,,1.7301587,,
"ISL","Iceland","EPRC_V1","Version 1 (1985-2013)","2012","2012","IDX","Index","0","Units",,,1.7301587,,
"ISL","Iceland","EPRC_V1","Version 1 (1985-2013)","2013","2013","IDX","Index","0","Units",,,1.7301587,,
"IRL","Ireland","EPRC_V1","Version 1 (1985-2013)","1991","1991","IDX","Index","0","Units",,,1.4365079,,
"IRL","Ireland","EPRC_V1","Version 1 (1985-2013)","1992","1992","IDX","Index","0","Units",,,1.4365079,,
"IRL","Ireland","EPRC_V1","Version 1 (1985-2013)","1993","1993","IDX","Index","0","Units",,,1.4365079,,
"IRL","Ireland","EPRC_V1","Version 1 (1985-2013)","1994","1994","IDX","Index","0","Units",,,1.4365079,,
"IRL","Ireland","EPRC_V1","Version 1 (1985-2013)","1995","1995","IDX","Index","0","Units",,,1.4365079,,
"IRL","Ireland","EPRC_V1","Version 1 (1985-2013)","1996","1996","IDX","Index","0","Units",,,1.4365079,,
"IRL","Ireland","EPRC_V1","Version 1 (1985-2013)","1997","1997","IDX","Index","0","Units",,,1.4365079,,
"IRL","Ireland","EPRC_V1","Version 1 (1985-2013)","1998","1998","IDX","Index","0","Units",,,1.4365079,,
"IRL","Ireland","EPRC_V1","Version 1 (1985-2013)","1999","1999","IDX","Index","0","Units",,,1.4365079,,
"IRL","Ireland","EPRC_V1","Version 1 (1985-2013)","2000","2000","IDX","Index","0","Units",,,1.4365079,,
"IRL","Ireland","EPRC_V1","Version 1 (1985-2013)","2001","2001","IDX","Index","0","Units",,,1.4365079,,
"IRL","Ireland","EPRC_V1","Version 1 (1985-2013)","2002","2002","IDX","Index","0","Units",,,1.4365079,,
"IRL","Ireland","EPRC_V1","Version 1 (1985-2013)","2003","2003","IDX","Index","0","Units",,,1.4365079,,
"IRL","Ireland","EPRC_V1","Version 1 (1985-2013)","2004","2004","IDX","Index","0","Units",,,1.4365079,,
"IRL","Ireland","EPRC_V1","Version 1 (1985-2013)","2005","2005","IDX","Index","0","Units",,,1.4365079,,
"IRL","Ireland","EPRC_V1","Version 1 (1985-2013)","2006","2006","IDX","Index","0","Units",,,1.2698413,,
"IRL","Ireland","EPRC_V1","Version 1 (1985-2013)","2007","2007","IDX","Index","0","Units",,,1.2698413,,
"IRL","Ireland","EPRC_V1","Version 1 (1985-2013)","2008","2008","IDX","Index","0","Units",,,1.2698413,,
"IRL","Ireland","EPRC_V1","Version 1 (1985-2013)","2009","2009","IDX","Index","0","Units",,,1.2698413,,
"IRL","Ireland","EPRC_V1","Version 1 (1985-2013)","2010","2010","IDX","Index","0","Units",,,1.2698413,,
"IRL","Ireland","EPRC_V1","Version 1 (1985-2013)","2011","2011","IDX","Index","0","Units",,,1.2698413,,
"IRL","Ireland","EPRC_V1","Version 1 (1985-2013)","2012","2012","IDX","Index","0","Units",,,1.3968254,,
"IRL","Ireland","EPRC_V1","Version 1 (1985-2013)","2013","2013","IDX","Index","0","Units",,,1.3968254,,
"ITA","Italy","EPRC_V1","Version 1 (1985-2013)","1991","1991","IDX","Index","0","Units",,,2.7619047,,
"ITA","Italy","EPRC_V1","Version 1 (1985-2013)","1992","1992","IDX","Index","0","Units",,,2.7619047,,
"ITA","Italy","EPRC_V1","Version 1 (1985-2013)","1993","1993","IDX","Index","0","Units",,,2.7619047,,
"ITA","Italy","EPRC_V1","Version 1 (1985-2013)","1994","1994","IDX","Index","0","Units",,,2.7619047,,
"ITA","Italy","EPRC_V1","Version 1 (1985-2013)","1995","1995","IDX","Index","0","Units",,,2.7619047,,
"ITA","Italy","EPRC_V1","Version 1 (1985-2013)","1996","1996","IDX","Index","0","Units",,,2.7619047,,
"ITA","Italy","EPRC_V1","Version 1 (1985-2013)","1997","1997","IDX","Index","0","Units",,,2.7619047,,
"ITA","Italy","EPRC_V1","Version 1 (1985-2013)","1998","1998","IDX","Index","0","Units",,,2.7619047,,
"ITA","Italy","EPRC_V1","Version 1 (1985-2013)","1999","1999","IDX","Index","0","Units",,,2.7619047,,
"ITA","Italy","EPRC_V1","Version 1 (1985-2013)","2000","2000","IDX","Index","0","Units",,,2.7619047,,
"ITA","Italy","EPRC_V1","Version 1 (1985-2013)","2001","2001","IDX","Index","0","Units",,,2.7619047,,
"ITA","Italy","EPRC_V1","Version 1 (1985-2013)","2002","2002","IDX","Index","0","Units",,,2.7619047,,
"ITA","Italy","EPRC_V1","Version 1 (1985-2013)","2003","2003","IDX","Index","0","Units",,,2.7619047,,
"ITA","Italy","EPRC_V1","Version 1 (1985-2013)","2004","2004","IDX","Index","0","Units",,,2.7619047,,
"ITA","Italy","EPRC_V1","Version 1 (1985-2013)","2005","2005","IDX","Index","0","Units",,,2.7619047,,
"ITA","Italy","EPRC_V1","Version 1 (1985-2013)","2006","2006","IDX","Index","0","Units",,,2.7619047,,
"ITA","Italy","EPRC_V1","Version 1 (1985-2013)","2007","2007","IDX","Index","0","Units",,,2.7619047,,
"ITA","Italy","EPRC_V1","Version 1 (1985-2013)","2008","2008","IDX","Index","0","Units",,,2.7619047,,
"ITA","Italy","EPRC_V1","Version 1 (1985-2013)","2009","2009","IDX","Index","0","Units",,,2.7619047,,
"ITA","Italy","EPRC_V1","Version 1 (1985-2013)","2010","2010","IDX","Index","0","Units",,,2.7619047,,
"ITA","Italy","EPRC_V1","Version 1 (1985-2013)","2011","2011","IDX","Index","0","Units",,,2.7619047,,
"ITA","Italy","EPRC_V1","Version 1 (1985-2013)","2012","2012","IDX","Index","0","Units",,,2.7619047,,
"ITA","Italy","EPRC_V1","Version 1 (1985-2013)","2013","2013","IDX","Index","0","Units",,,2.6785715,,
"LUX","Luxembourg","EPRC_V1","Version 1 (1985-2013)","2008","2008","IDX","Index","0","Units",,,2.2460318,,
"LUX","Luxembourg","EPRC_V1","Version 1 (1985-2013)","2009","2009","IDX","Index","0","Units",,,2.2460318,,
"LUX","Luxembourg","EPRC_V1","Version 1 (1985-2013)","2010","2010","IDX","Index","0","Units",,,2.2460318,,
"LUX","Luxembourg","EPRC_V1","Version 1 (1985-2013)","2011","2011","IDX","Index","0","Units",,,2.2460318,,
"LUX","Luxembourg","EPRC_V1","Version 1 (1985-2013)","2012","2012","IDX","Index","0","Units",,,2.2460318,,
"LUX","Luxembourg","EPRC_V1","Version 1 (1985-2013)","2013","2013","IDX","Index","0","Units",,,2.2460318,,
"NLD","Netherlands","EPRC_V1","Version 1 (1985-2013)","1991","1991","IDX","Index","0","Units",,,3.0330954,,
"NLD","Netherlands","EPRC_V1","Version 1 (1985-2013)","1992","1992","IDX","Index","0","Units",,,3.0214286,,
"NLD","Netherlands","EPRC_V1","Version 1 (1985-2013)","1993","1993","IDX","Index","0","Units",,,3.0732539,,
"NLD","Netherlands","EPRC_V1","Version 1 (1985-2013)","1994","1994","IDX","Index","0","Units",,,2.8965871,,
"NLD","Netherlands","EPRC_V1","Version 1 (1985-2013)","1995","1995","IDX","Index","0","Units",,,2.8373015,,
"NLD","Netherlands","EPRC_V1","Version 1 (1985-2013)","1996","1996","IDX","Index","0","Units",,,2.8373015,,
"NLD","Netherlands","EPRC_V1","Version 1 (1985-2013)","1997","1997","IDX","Index","0","Units",,,2.8373015,,
"NLD","Netherlands","EPRC_V1","Version 1 (1985-2013)","1998","1998","IDX","Index","0","Units",,,2.8373015,,
"NLD","Netherlands","EPRC_V1","Version 1 (1985-2013)","1999","1999","IDX","Index","0","Units",,,2.8849206,,
"NLD","Netherlands","EPRC_V1","Version 1 (1985-2013)","2000","2000","IDX","Index","0","Units",,,2.8849206,,
"NLD","Netherlands","EPRC_V1","Version 1 (1985-2013)","2001","2001","IDX","Index","0","Units",,,2.8849206,,
"NLD","Netherlands","EPRC_V1","Version 1 (1985-2013)","2002","2002","IDX","Index","0","Units",,,2.8849206,,
"NLD","Netherlands","EPRC_V1","Version 1 (1985-2013)","2003","2003","IDX","Index","0","Units",,,2.8849206,,
"NLD","Netherlands","EPRC_V1","Version 1 (1985-2013)","2004","2004","IDX","Index","0","Units",,,2.8849206,,
"NLD","Netherlands","EPRC_V1","Version 1 (1985-2013)","2005","2005","IDX","Index","0","Units",,,2.8849206,,
"NLD","Netherlands","EPRC_V1","Version 1 (1985-2013)","2006","2006","IDX","Index","0","Units",,,2.8849206,,
"NLD","Netherlands","EPRC_V1","Version 1 (1985-2013)","2007","2007","IDX","Index","0","Units",,,2.8849206,,
"NLD","Netherlands","EPRC_V1","Version 1 (1985-2013)","2008","2008","IDX","Index","0","Units",,,2.8849206,,
"NLD","Netherlands","EPRC_V1","Version 1 (1985-2013)","2009","2009","IDX","Index","0","Units",,,2.8214285,,
"NLD","Netherlands","EPRC_V1","Version 1 (1985-2013)","2010","2010","IDX","Index","0","Units",,,2.8214285,,
"NLD","Netherlands","EPRC_V1","Version 1 (1985-2013)","2011","2011","IDX","Index","0","Units",,,2.8214285,,
"NLD","Netherlands","EPRC_V1","Version 1 (1985-2013)","2012","2012","IDX","Index","0","Units",,,2.8214285,,
"NLD","Netherlands","EPRC_V1","Version 1 (1985-2013)","2013","2013","IDX","Index","0","Units",,,2.8214285,,
"NOR","Norway","EPRC_V1","Version 1 (1985-2013)","1991","1991","IDX","Index","0","Units",,,2.3333333,,
"NOR","Norway","EPRC_V1","Version 1 (1985-2013)","1992","1992","IDX","Index","0","Units",,,2.3333333,,
"NOR","Norway","EPRC_V1","Version 1 (1985-2013)","1993","1993","IDX","Index","0","Units",,,2.3333333,,
"NOR","Norway","EPRC_V1","Version 1 (1985-2013)","1994","1994","IDX","Index","0","Units",,,2.3333333,,
"NOR","Norway","EPRC_V1","Version 1 (1985-2013)","1995","1995","IDX","Index","0","Units",,,2.3333333,,
"NOR","Norway","EPRC_V1","Version 1 (1985-2013)","1996","1996","IDX","Index","0","Units",,,2.3333333,,
"NOR","Norway","EPRC_V1","Version 1 (1985-2013)","1997","1997","IDX","Index","0","Units",,,2.3333333,,
"NOR","Norway","EPRC_V1","Version 1 (1985-2013)","1998","1998","IDX","Index","0","Units",,,2.3333333,,
"NOR","Norway","EPRC_V1","Version 1 (1985-2013)","1999","1999","IDX","Index","0","Units",,,2.3333333,,
"NOR","Norway","EPRC_V1","Version 1 (1985-2013)","2000","2000","IDX","Index","0","Units",,,2.3333333,,
"NOR","Norway","EPRC_V1","Version 1 (1985-2013)","2001","2001","IDX","Index","0","Units",,,2.3333333,,
"NOR","Norway","EPRC_V1","Version 1 (1985-2013)","2002","2002","IDX","Index","0","Units",,,2.3333333,,
"NOR","Norway","EPRC_V1","Version 1 (1985-2013)","2003","2003","IDX","Index","0","Units",,,2.3333333,,
"NOR","Norway","EPRC_V1","Version 1 (1985-2013)","2004","2004","IDX","Index","0","Units",,,2.3333333,,
"NOR","Norway","EPRC_V1","Version 1 (1985-2013)","2005","2005","IDX","Index","0","Units",,,2.3333333,,
"NOR","Norway","EPRC_V1","Version 1 (1985-2013)","2006","2006","IDX","Index","0","Units",,,2.3333333,,
"NOR","Norway","EPRC_V1","Version 1 (1985-2013)","2007","2007","IDX","Index","0","Units",,,2.3333333,,
"NOR","Norway","EPRC_V1","Version 1 (1985-2013)","2008","2008","IDX","Index","0","Units",,,2.3333333,,
"NOR","Norway","EPRC_V1","Version 1 (1985-2013)","2009","2009","IDX","Index","0","Units",,,2.3333333,,
"NOR","Norway","EPRC_V1","Version 1 (1985-2013)","2010","2010","IDX","Index","0","Units",,,2.3333333,,
"NOR","Norway","EPRC_V1","Version 1 (1985-2013)","2011","2011","IDX","Index","0","Units",,,2.3333333,,
"NOR","Norway","EPRC_V1","Version 1 (1985-2013)","2012","2012","IDX","Index","0","Units",,,2.3333333,,
"NOR","Norway","EPRC_V1","Version 1 (1985-2013)","2013","2013","IDX","Index","0","Units",,,2.3333333,,
"POL","Poland","EPRC_V1","Version 1 (1985-2013)","1991","1991","IDX","Index","0","Units",,,2.2301588,,
"POL","Poland","EPRC_V1","Version 1 (1985-2013)","1992","1992","IDX","Index","0","Units",,,2.2301588,,
"POL","Poland","EPRC_V1","Version 1 (1985-2013)","1993","1993","IDX","Index","0","Units",,,2.2301588,,
"POL","Poland","EPRC_V1","Version 1 (1985-2013)","1994","1994","IDX","Index","0","Units",,,2.2301588,,
"POL","Poland","EPRC_V1","Version 1 (1985-2013)","1995","1995","IDX","Index","0","Units",,,2.2301588,,
"POL","Poland","EPRC_V1","Version 1 (1985-2013)","1996","1996","IDX","Index","0","Units",,,2.2301588,,
"POL","Poland","EPRC_V1","Version 1 (1985-2013)","1997","1997","IDX","Index","0","Units",,,2.2301588,,
"POL","Poland","EPRC_V1","Version 1 (1985-2013)","1998","1998","IDX","Index","0","Units",,,2.2301588,,
"POL","Poland","EPRC_V1","Version 1 (1985-2013)","1999","1999","IDX","Index","0","Units",,,2.2301588,,
"POL","Poland","EPRC_V1","Version 1 (1985-2013)","2000","2000","IDX","Index","0","Units",,,2.2301588,,
"POL","Poland","EPRC_V1","Version 1 (1985-2013)","2001","2001","IDX","Index","0","Units",,,2.2301588,,
"POL","Poland","EPRC_V1","Version 1 (1985-2013)","2002","2002","IDX","Index","0","Units",,,2.2301588,,
"POL","Poland","EPRC_V1","Version 1 (1985-2013)","2003","2003","IDX","Index","0","Units",,,2.2301588,,
"POL","Poland","EPRC_V1","Version 1 (1985-2013)","2004","2004","IDX","Index","0","Units",,,2.2301588,,
"POL","Poland","EPRC_V1","Version 1 (1985-2013)","2005","2005","IDX","Index","0","Units",,,2.2301588,,
"POL","Poland","EPRC_V1","Version 1 (1985-2013)","2006","2006","IDX","Index","0","Units",,,2.2301588,,
"POL","Poland","EPRC_V1","Version 1 (1985-2013)","2007","2007","IDX","Index","0","Units",,,2.2301588,,
"POL","Poland","EPRC_V1","Version 1 (1985-2013)","2008","2008","IDX","Index","0","Units",,,2.2301588,,
"POL","Poland","EPRC_V1","Version 1 (1985-2013)","2009","2009","IDX","Index","0","Units",,,2.2301588,,
"POL","Poland","EPRC_V1","Version 1 (1985-2013)","2010","2010","IDX","Index","0","Units",,,2.2301588,,
"POL","Poland","EPRC_V1","Version 1 (1985-2013)","2011","2011","IDX","Index","0","Units",,,2.2301588,,
"POL","Poland","EPRC_V1","Version 1 (1985-2013)","2012","2012","IDX","Index","0","Units",,,2.2301588,,
"POL","Poland","EPRC_V1","Version 1 (1985-2013)","2013","2013","IDX","Index","0","Units",,,2.2301588,,
"PRT","Portugal","EPRC_V1","Version 1 (1985-2013)","1991","1991","IDX","Index","0","Units",,,4.8333335,,
"PRT","Portugal","EPRC_V1","Version 1 (1985-2013)","1992","1992","IDX","Index","0","Units",,,4.5833335,,
"PRT","Portugal","EPRC_V1","Version 1 (1985-2013)","1993","1993","IDX","Index","0","Units",,,4.5833335,,
"PRT","Portugal","EPRC_V1","Version 1 (1985-2013)","1994","1994","IDX","Index","0","Units",,,4.5833335,,
"PRT","Portugal","EPRC_V1","Version 1 (1985-2013)","1995","1995","IDX","Index","0","Units",,,4.5833335,,
"PRT","Portugal","EPRC_V1","Version 1 (1985-2013)","1996","1996","IDX","Index","0","Units",,,4.5833335,,
"PRT","Portugal","EPRC_V1","Version 1 (1985-2013)","1997","1997","IDX","Index","0","Units",,,4.5833335,,
"PRT","Portugal","EPRC_V1","Version 1 (1985-2013)","1998","1998","IDX","Index","0","Units",,,4.5833335,,
"PRT","Portugal","EPRC_V1","Version 1 (1985-2013)","1999","1999","IDX","Index","0","Units",,,4.5833335,,
"PRT","Portugal","EPRC_V1","Version 1 (1985-2013)","2000","2000","IDX","Index","0","Units",,,4.5833335,,
"PRT","Portugal","EPRC_V1","Version 1 (1985-2013)","2001","2001","IDX","Index","0","Units",,,4.5833335,,
"PRT","Portugal","EPRC_V1","Version 1 (1985-2013)","2002","2002","IDX","Index","0","Units",,,4.5833335,,
"PRT","Portugal","EPRC_V1","Version 1 (1985-2013)","2003","2003","IDX","Index","0","Units",,,4.5833335,,
"PRT","Portugal","EPRC_V1","Version 1 (1985-2013)","2004","2004","IDX","Index","0","Units",,,4.4166665,,
"PRT","Portugal","EPRC_V1","Version 1 (1985-2013)","2005","2005","IDX","Index","0","Units",,,4.4166665,,
"PRT","Portugal","EPRC_V1","Version 1 (1985-2013)","2006","2006","IDX","Index","0","Units",,,4.4166665,,
"PRT","Portugal","EPRC_V1","Version 1 (1985-2013)","2007","2007","IDX","Index","0","Units",,,4.4166665,,
"PRT","Portugal","EPRC_V1","Version 1 (1985-2013)","2008","2008","IDX","Index","0","Units",,,4.4166665,,
"PRT","Portugal","EPRC_V1","Version 1 (1985-2013)","2009","2009","IDX","Index","0","Units",,,4.4166665,,
"PRT","Portugal","EPRC_V1","Version 1 (1985-2013)","2010","2010","IDX","Index","0","Units",,,4.1309524,,
"PRT","Portugal","EPRC_V1","Version 1 (1985-2013)","2011","2011","IDX","Index","0","Units",,,4.1309524,,
"PRT","Portugal","EPRC_V1","Version 1 (1985-2013)","2012","2012","IDX","Index","0","Units",,,3.5595238,,
"PRT","Portugal","EPRC_V1","Version 1 (1985-2013)","2013","2013","IDX","Index","0","Units",,,3.1845238,,
"SVK","Slovak Republic","EPRC_V1","Version 1 (1985-2013)","1993","1993","IDX","Index","0","Units",,,2.4722223,,
"SVK","Slovak Republic","EPRC_V1","Version 1 (1985-2013)","1994","1994","IDX","Index","0","Units",,,2.4722223,,
"SVK","Slovak Republic","EPRC_V1","Version 1 (1985-2013)","1995","1995","IDX","Index","0","Units",,,2.4722223,,
"SVK","Slovak Republic","EPRC_V1","Version 1 (1985-2013)","1996","1996","IDX","Index","0","Units",,,2.4722223,,
"SVK","Slovak Republic","EPRC_V1","Version 1 (1985-2013)","1997","1997","IDX","Index","0","Units",,,2.4722223,,
"SVK","Slovak Republic","EPRC_V1","Version 1 (1985-2013)","1998","1998","IDX","Index","0","Units",,,2.4722223,,
"SVK","Slovak Republic","EPRC_V1","Version 1 (1985-2013)","1999","1999","IDX","Index","0","Units",,,2.4722223,,
"SVK","Slovak Republic","EPRC_V1","Version 1 (1985-2013)","2000","2000","IDX","Index","0","Units",,,2.4722223,,
"SVK","Slovak Republic","EPRC_V1","Version 1 (1985-2013)","2001","2001","IDX","Index","0","Units",,,2.4722223,,
"SVK","Slovak Republic","EPRC_V1","Version 1 (1985-2013)","2002","2002","IDX","Index","0","Units",,,2.4722223,,
"SVK","Slovak Republic","EPRC_V1","Version 1 (1985-2013)","2003","2003","IDX","Index","0","Units",,,2.3055556,,
"SVK","Slovak Republic","EPRC_V1","Version 1 (1985-2013)","2004","2004","IDX","Index","0","Units",,,2.2222223,,
"SVK","Slovak Republic","EPRC_V1","Version 1 (1985-2013)","2005","2005","IDX","Index","0","Units",,,2.2222223,,
"SVK","Slovak Republic","EPRC_V1","Version 1 (1985-2013)","2006","2006","IDX","Index","0","Units",,,2.2222223,,
"SVK","Slovak Republic","EPRC_V1","Version 1 (1985-2013)","2007","2007","IDX","Index","0","Units",,,2.2222223,,
"SVK","Slovak Republic","EPRC_V1","Version 1 (1985-2013)","2008","2008","IDX","Index","0","Units",,,2.2222223,,
"SVK","Slovak Republic","EPRC_V1","Version 1 (1985-2013)","2009","2009","IDX","Index","0","Units",,,2.2222223,,
"SVK","Slovak Republic","EPRC_V1","Version 1 (1985-2013)","2010","2010","IDX","Index","0","Units",,,2.2222223,,
"SVK","Slovak Republic","EPRC_V1","Version 1 (1985-2013)","2011","2011","IDX","Index","0","Units",,,2.2222223,,
"SVK","Slovak Republic","EPRC_V1","Version 1 (1985-2013)","2012","2012","IDX","Index","0","Units",,,1.7142857,,
"SVK","Slovak Republic","EPRC_V1","Version 1 (1985-2013)","2013","2013","IDX","Index","0","Units",,,1.8412699,,
"ESP","Spain","EPRC_V1","Version 1 (1985-2013)","1991","1991","IDX","Index","0","Units",,,3.5476191,,
"ESP","Spain","EPRC_V1","Version 1 (1985-2013)","1992","1992","IDX","Index","0","Units",,,3.5476191,,
"ESP","Spain","EPRC_V1","Version 1 (1985-2013)","1993","1993","IDX","Index","0","Units",,,3.5476191,,
"ESP","Spain","EPRC_V1","Version 1 (1985-2013)","1994","1994","IDX","Index","0","Units",,,3.5476191,,
"ESP","Spain","EPRC_V1","Version 1 (1985-2013)","1995","1995","IDX","Index","0","Units",,,2.3571429,,
"ESP","Spain","EPRC_V1","Version 1 (1985-2013)","1996","1996","IDX","Index","0","Units",,,2.3571429,,
"ESP","Spain","EPRC_V1","Version 1 (1985-2013)","1997","1997","IDX","Index","0","Units",,,2.3571429,,
"ESP","Spain","EPRC_V1","Version 1 (1985-2013)","1998","1998","IDX","Index","0","Units",,,2.3571429,,
"ESP","Spain","EPRC_V1","Version 1 (1985-2013)","1999","1999","IDX","Index","0","Units",,,2.3571429,,
"ESP","Spain","EPRC_V1","Version 1 (1985-2013)","2000","2000","IDX","Index","0","Units",,,2.3571429,,
"ESP","Spain","EPRC_V1","Version 1 (1985-2013)","2001","2001","IDX","Index","0","Units",,,2.3571429,,
"ESP","Spain","EPRC_V1","Version 1 (1985-2013)","2002","2002","IDX","Index","0","Units",,,2.3571429,,
"ESP","Spain","EPRC_V1","Version 1 (1985-2013)","2003","2003","IDX","Index","0","Units",,,2.3571429,,
"ESP","Spain","EPRC_V1","Version 1 (1985-2013)","2004","2004","IDX","Index","0","Units",,,2.3571429,,
"ESP","Spain","EPRC_V1","Version 1 (1985-2013)","2005","2005","IDX","Index","0","Units",,,2.3571429,,
"ESP","Spain","EPRC_V1","Version 1 (1985-2013)","2006","2006","IDX","Index","0","Units",,,2.3571429,,
"ESP","Spain","EPRC_V1","Version 1 (1985-2013)","2007","2007","IDX","Index","0","Units",,,2.3571429,,
"ESP","Spain","EPRC_V1","Version 1 (1985-2013)","2008","2008","IDX","Index","0","Units",,,2.3571429,,
"ESP","Spain","EPRC_V1","Version 1 (1985-2013)","2009","2009","IDX","Index","0","Units",,,2.3571429,,
"ESP","Spain","EPRC_V1","Version 1 (1985-2013)","2010","2010","IDX","Index","0","Units",,,2.3571429,,
"ESP","Spain","EPRC_V1","Version 1 (1985-2013)","2011","2011","IDX","Index","0","Units",,,2.2142856,,
"ESP","Spain","EPRC_V1","Version 1 (1985-2013)","2012","2012","IDX","Index","0","Units",,,2.2142856,,
"ESP","Spain","EPRC_V1","Version 1 (1985-2013)","2013","2013","IDX","Index","0","Units",,,2.0476191,,
"SWE","Sweden","EPRC_V1","Version 1 (1985-2013)","1991","1991","IDX","Index","0","Units",,,2.7976191,,
"SWE","Sweden","EPRC_V1","Version 1 (1985-2013)","1992","1992","IDX","Index","0","Units",,,2.7976191,,
"SWE","Sweden","EPRC_V1","Version 1 (1985-2013)","1993","1993","IDX","Index","0","Units",,,2.7976191,,
"SWE","Sweden","EPRC_V1","Version 1 (1985-2013)","1994","1994","IDX","Index","0","Units",,,2.7976191,,
"SWE","Sweden","EPRC_V1","Version 1 (1985-2013)","1995","1995","IDX","Index","0","Units",,,2.7976191,,
"SWE","Sweden","EPRC_V1","Version 1 (1985-2013)","1996","1996","IDX","Index","0","Units",,,2.7976191,,
"SWE","Sweden","EPRC_V1","Version 1 (1985-2013)","1997","1997","IDX","Index","0","Units",,,2.7023809,,
"SWE","Sweden","EPRC_V1","Version 1 (1985-2013)","1998","1998","IDX","Index","0","Units",,,2.7023809,,
"SWE","Sweden","EPRC_V1","Version 1 (1985-2013)","1999","1999","IDX","Index","0","Units",,,2.6547618,,
"SWE","Sweden","EPRC_V1","Version 1 (1985-2013)","2000","2000","IDX","Index","0","Units",,,2.6547618,,
"SWE","Sweden","EPRC_V1","Version 1 (1985-2013)","2001","2001","IDX","Index","0","Units",,,2.6547618,,
"SWE","Sweden","EPRC_V1","Version 1 (1985-2013)","2002","2002","IDX","Index","0","Units",,,2.6071429,,
"SWE","Sweden","EPRC_V1","Version 1 (1985-2013)","2003","2003","IDX","Index","0","Units",,,2.6071429,,
"SWE","Sweden","EPRC_V1","Version 1 (1985-2013)","2004","2004","IDX","Index","0","Units",,,2.6071429,,
"SWE","Sweden","EPRC_V1","Version 1 (1985-2013)","2005","2005","IDX","Index","0","Units",,,2.6071429,,
"SWE","Sweden","EPRC_V1","Version 1 (1985-2013)","2006","2006","IDX","Index","0","Units",,,2.6071429,,
"SWE","Sweden","EPRC_V1","Version 1 (1985-2013)","2007","2007","IDX","Index","0","Units",,,2.6071429,,
"SWE","Sweden","EPRC_V1","Version 1 (1985-2013)","2008","2008","IDX","Index","0","Units",,,2.6071429,,
"SWE","Sweden","EPRC_V1","Version 1 (1985-2013)","2009","2009","IDX","Index","0","Units",,,2.6071429,,
"SWE","Sweden","EPRC_V1","Version 1 (1985-2013)","2010","2010","IDX","Index","0","Units",,,2.6071429,,
"SWE","Sweden","EPRC_V1","Version 1 (1985-2013)","2011","2011","IDX","Index","0","Units",,,2.6071429,,
"SWE","Sweden","EPRC_V1","Version 1 (1985-2013)","2012","2012","IDX","Index","0","Units",,,2.6071429,,
"SWE","Sweden","EPRC_V1","Version 1 (1985-2013)","2013","2013","IDX","Index","0","Units",,,2.6071429,,
"CHE","Switzerland","EPRC_V1","Version 1 (1985-2013)","1991","1991","IDX","Index","0","Units",,,1.5952381,,
"CHE","Switzerland","EPRC_V1","Version 1 (1985-2013)","1992","1992","IDX","Index","0","Units",,,1.5952381,,
"CHE","Switzerland","EPRC_V1","Version 1 (1985-2013)","1993","1993","IDX","Index","0","Units",,,1.5952381,,
"CHE","Switzerland","EPRC_V1","Version 1 (1985-2013)","1994","1994","IDX","Index","0","Units",,,1.5952381,,
"CHE","Switzerland","EPRC_V1","Version 1 (1985-2013)","1995","1995","IDX","Index","0","Units",,,1.5952381,,
"CHE","Switzerland","EPRC_V1","Version 1 (1985-2013)","1996","1996","IDX","Index","0","Units",,,1.5952381,,
"CHE","Switzerland","EPRC_V1","Version 1 (1985-2013)","1997","1997","IDX","Index","0","Units",,,1.5952381,,
"CHE","Switzerland","EPRC_V1","Version 1 (1985-2013)","1998","1998","IDX","Index","0","Units",,,1.5952381,,
"CHE","Switzerland","EPRC_V1","Version 1 (1985-2013)","1999","1999","IDX","Index","0","Units",,,1.5952381,,
"CHE","Switzerland","EPRC_V1","Version 1 (1985-2013)","2000","2000","IDX","Index","0","Units",,,1.5952381,,
"CHE","Switzerland","EPRC_V1","Version 1 (1985-2013)","2001","2001","IDX","Index","0","Units",,,1.5952381,,
"CHE","Switzerland","EPRC_V1","Version 1 (1985-2013)","2002","2002","IDX","Index","0","Units",,,1.5952381,,
"CHE","Switzerland","EPRC_V1","Version 1 (1985-2013)","2003","2003","IDX","Index","0","Units",,,1.5952381,,
"CHE","Switzerland","EPRC_V1","Version 1 (1985-2013)","2004","2004","IDX","Index","0","Units",,,1.5952381,,
"CHE","Switzerland","EPRC_V1","Version 1 (1985-2013)","2005","2005","IDX","Index","0","Units",,,1.5952381,,
"CHE","Switzerland","EPRC_V1","Version 1 (1985-2013)","2006","2006","IDX","Index","0","Units",,,1.5952381,,
"CHE","Switzerland","EPRC_V1","Version 1 (1985-2013)","2007","2007","IDX","Index","0","Units",,,1.5952381,,
"CHE","Switzerland","EPRC_V1","Version 1 (1985-2013)","2008","2008","IDX","Index","0","Units",,,1.5952381,,
"CHE","Switzerland","EPRC_V1","Version 1 (1985-2013)","2009","2009","IDX","Index","0","Units",,,1.5952381,,
"CHE","Switzerland","EPRC_V1","Version 1 (1985-2013)","2010","2010","IDX","Index","0","Units",,,1.5952381,,
"CHE","Switzerland","EPRC_V1","Version 1 (1985-2013)","2011","2011","IDX","Index","0","Units",,,1.5952381,,
"CHE","Switzerland","EPRC_V1","Version 1 (1985-2013)","2012","2012","IDX","Index","0","Units",,,1.5952381,,
"CHE","Switzerland","EPRC_V1","Version 1 (1985-2013)","2013","2013","IDX","Index","0","Units",,,1.5952381,,
"TUR","Turkey","EPRC_V1","Version 1 (1985-2013)","1991","1991","IDX","Index","0","Units",,,2.3928571,,
"TUR","Turkey","EPRC_V1","Version 1 (1985-2013)","1992","1992","IDX","Index","0","Units",,,2.3928571,,
"TUR","Turkey","EPRC_V1","Version 1 (1985-2013)","1993","1993","IDX","Index","0","Units",,,2.3928571,,
"TUR","Turkey","EPRC_V1","Version 1 (1985-2013)","1994","1994","IDX","Index","0","Units",,,2.3928571,,
"TUR","Turkey","EPRC_V1","Version 1 (1985-2013)","1995","1995","IDX","Index","0","Units",,,2.3928571,,
"TUR","Turkey","EPRC_V1","Version 1 (1985-2013)","1996","1996","IDX","Index","0","Units",,,2.3928571,,
"TUR","Turkey","EPRC_V1","Version 1 (1985-2013)","1997","1997","IDX","Index","0","Units",,,2.3928571,,
"TUR","Turkey","EPRC_V1","Version 1 (1985-2013)","1998","1998","IDX","Index","0","Units",,,2.3928571,,
"TUR","Turkey","EPRC_V1","Version 1 (1985-2013)","1999","1999","IDX","Index","0","Units",,,2.3928571,,
"TUR","Turkey","EPRC_V1","Version 1 (1985-2013)","2000","2000","IDX","Index","0","Units",,,2.3928571,,
"TUR","Turkey","EPRC_V1","Version 1 (1985-2013)","2001","2001","IDX","Index","0","Units",,,2.3928571,,
"TUR","Turkey","EPRC_V1","Version 1 (1985-2013)","2002","2002","IDX","Index","0","Units",,,2.3928571,,
"TUR","Turkey","EPRC_V1","Version 1 (1985-2013)","2003","2003","IDX","Index","0","Units",,,2.3928571,,
"TUR","Turkey","EPRC_V1","Version 1 (1985-2013)","2004","2004","IDX","Index","0","Units",,,2.3095238,,
"TUR","Turkey","EPRC_V1","Version 1 (1985-2013)","2005","2005","IDX","Index","0","Units",,,2.3095238,,
"TUR","Turkey","EPRC_V1","Version 1 (1985-2013)","2006","2006","IDX","Index","0","Units",,,2.3095238,,
"TUR","Turkey","EPRC_V1","Version 1 (1985-2013)","2007","2007","IDX","Index","0","Units",,,2.3095238,,
"TUR","Turkey","EPRC_V1","Version 1 (1985-2013)","2008","2008","IDX","Index","0","Units",,,2.3095238,,
"TUR","Turkey","EPRC_V1","Version 1 (1985-2013)","2009","2009","IDX","Index","0","Units",,,2.3095238,,
"TUR","Turkey","EPRC_V1","Version 1 (1985-2013)","2010","2010","IDX","Index","0","Units",,,2.3095238,,
"TUR","Turkey","EPRC_V1","Version 1 (1985-2013)","2011","2011","IDX","Index","0","Units",,,2.3095238,,
"TUR","Turkey","EPRC_V1","Version 1 (1985-2013)","2012","2012","IDX","Index","0","Units",,,2.3095238,,
"TUR","Turkey","EPRC_V1","Version 1 (1985-2013)","2013","2013","IDX","Index","0","Units",,,2.3095238,,
"GBR","United Kingdom","EPRC_V1","Version 1 (1985-2013)","1991","1991","IDX","Index","0","Units",,,1.0952381,,
"GBR","United Kingdom","EPRC_V1","Version 1 (1985-2013)","1992","1992","IDX","Index","0","Units",,,1.0952381,,
"GBR","United Kingdom","EPRC_V1","Version 1 (1985-2013)","1993","1993","IDX","Index","0","Units",,,1.0952381,,
"GBR","United Kingdom","EPRC_V1","Version 1 (1985-2013)","1994","1994","IDX","Index","0","Units",,,1.0952381,,
"GBR","United Kingdom","EPRC_V1","Version 1 (1985-2013)","1995","1995","IDX","Index","0","Units",,,1.0952381,,
"GBR","United Kingdom","EPRC_V1","Version 1 (1985-2013)","1996","1996","IDX","Index","0","Units",,,1.0952381,,
"GBR","United Kingdom","EPRC_V1","Version 1 (1985-2013)","1997","1997","IDX","Index","0","Units",,,1.0952381,,
"GBR","United Kingdom","EPRC_V1","Version 1 (1985-2013)","1998","1998","IDX","Index","0","Units",,,1.0952381,,
"GBR","United Kingdom","EPRC_V1","Version 1 (1985-2013)","1999","1999","IDX","Index","0","Units",,,1.0952381,,
"GBR","United Kingdom","EPRC_V1","Version 1 (1985-2013)","2000","2000","IDX","Index","0","Units",,,1.2619047,,
"GBR","United Kingdom","EPRC_V1","Version 1 (1985-2013)","2001","2001","IDX","Index","0","Units",,,1.2619047,,
"GBR","United Kingdom","EPRC_V1","Version 1 (1985-2013)","2002","2002","IDX","Index","0","Units",,,1.2619047,,
"GBR","United Kingdom","EPRC_V1","Version 1 (1985-2013)","2003","2003","IDX","Index","0","Units",,,1.2619047,,
"GBR","United Kingdom","EPRC_V1","Version 1 (1985-2013)","2004","2004","IDX","Index","0","Units",,,1.2619047,,
"GBR","United Kingdom","EPRC_V1","Version 1 (1985-2013)","2005","2005","IDX","Index","0","Units",,,1.2619047,,
"GBR","United Kingdom","EPRC_V1","Version 1 (1985-2013)","2006","2006","IDX","Index","0","Units",,,1.2619047,,
"GBR","United Kingdom","EPRC_V1","Version 1 (1985-2013)","2007","2007","IDX","Index","0","Units",,,1.2619047,,
"GBR","United Kingdom","EPRC_V1","Version 1 (1985-2013)","2008","2008","IDX","Index","0","Units",,,1.2619047,,
"GBR","United Kingdom","EPRC_V1","Version 1 (1985-2013)","2009","2009","IDX","Index","0","Units",,,1.2619047,,
"GBR","United Kingdom","EPRC_V1","Version 1 (1985-2013)","2010","2010","IDX","Index","0","Units",,,1.2619047,,
"GBR","United Kingdom","EPRC_V1","Version 1 (1985-2013)","2011","2011","IDX","Index","0","Units",,,1.2619047,,
"GBR","United Kingdom","EPRC_V1","Version 1 (1985-2013)","2012","2012","IDX","Index","0","Units",,,1.2619047,,
"GBR","United Kingdom","EPRC_V1","Version 1 (1985-2013)","2013","2013","IDX","Index","0","Units",,,1.0952381,,
"GBR","United Kingdom","EPRC_V1","Version 1 (1985-2013)","2014","2014","IDX","Index","0","Units",,,1.0952381,,
"USA","United States","EPRC_V1","Version 1 (1985-2013)","1991","1991","IDX","Index","0","Units",,,0.25666666,,
"USA","United States","EPRC_V1","Version 1 (1985-2013)","1992","1992","IDX","Index","0","Units",,,0.25666666,,
"USA","United States","EPRC_V1","Version 1 (1985-2013)","1993","1993","IDX","Index","0","Units",,,0.25666666,,
"USA","United States","EPRC_V1","Version 1 (1985-2013)","1994","1994","IDX","Index","0","Units",,,0.25666666,,
"USA","United States","EPRC_V1","Version 1 (1985-2013)","1995","1995","IDX","Index","0","Units",,,0.25666666,,
"USA","United States","EPRC_V1","Version 1 (1985-2013)","1996","1996","IDX","Index","0","Units",,,0.25666666,,
"USA","United States","EPRC_V1","Version 1 (1985-2013)","1997","1997","IDX","Index","0","Units",,,0.25666666,,
"USA","United States","EPRC_V1","Version 1 (1985-2013)","1998","1998","IDX","Index","0","Units",,,0.25666666,,
"USA","United States","EPRC_V1","Version 1 (1985-2013)","1999","1999","IDX","Index","0","Units",,,0.25666666,,
"USA","United States","EPRC_V1","Version 1 (1985-2013)","2000","2000","IDX","Index","0","Units",,,0.25666666,,
"USA","United States","EPRC_V1","Version 1 (1985-2013)","2001","2001","IDX","Index","0","Units",,,0.25666666,,
"USA","United States","EPRC_V1","Version 1 (1985-2013)","2002","2002","IDX","Index","0","Units",,,0.25666666,,
"USA","United States","EPRC_V1","Version 1 (1985-2013)","2003","2003","IDX","Index","0","Units",,,0.25666666,,
"USA","United States","EPRC_V1","Version 1 (1985-2013)","2004","2004","IDX","Index","0","Units",,,0.25666666,,
"USA","United States","EPRC_V1","Version 1 (1985-2013)","2005","2005","IDX","Index","0","Units",,,0.25666666,,
"USA","United States","EPRC_V1","Version 1 (1985-2013)","2006","2006","IDX","Index","0","Units",,,0.25666666,,
"USA","United States","EPRC_V1","Version 1 (1985-2013)","2007","2007","IDX","Index","0","Units",,,0.25666666,,
"USA","United States","EPRC_V1","Version 1 (1985-2013)","2008","2008","IDX","Index","0","Units",,,0.25666666,,
"USA","United States","EPRC_V1","Version 1 (1985-2013)","2009","2009","IDX","Index","0","Units",,,0.25666666,,
"USA","United States","EPRC_V1","Version 1 (1985-2013)","2010","2010","IDX","Index","0","Units",,,0.25666666,,
"USA","United States","EPRC_V1","Version 1 (1985-2013)","2011","2011","IDX","Index","0","Units",,,0.25666666,,
"USA","United States","EPRC_V1","Version 1 (1985-2013)","2012","2012","IDX","Index","0","Units",,,0.25666666,,
"USA","United States","EPRC_V1","Version 1 (1985-2013)","2013","2013","IDX","Index","0","Units",,,0.25666666,,
"SVN","Slovenia","EPRC_V1","Version 1 (1985-2013)","2008","2008","IDX","Index","0","Units",,,2.6507936,,
"SVN","Slovenia","EPRC_V1","Version 1 (1985-2013)","2009","2009","IDX","Index","0","Units",,,2.6507936,,
"SVN","Slovenia","EPRC_V1","Version 1 (1985-2013)","2010","2010","IDX","Index","0","Units",,,2.6507936,,
"SVN","Slovenia","EPRC_V1","Version 1 (1985-2013)","2011","2011","IDX","Index","0","Units",,,2.6031747,,
"SVN","Slovenia","EPRC_V1","Version 1 (1985-2013)","2012","2012","IDX","Index","0","Units",,,2.6031747,,
"SVN","Slovenia","EPRC_V1","Version 1 (1985-2013)","2013","2013","IDX","Index","0","Units",,,2.6031747,,
"SVN","Slovenia","EPRC_V1","Version 1 (1985-2013)","2014","2014","IDX","Index","0","Units",,,2.15873,,
"EST","Estonia","EPRC_V1","Version 1 (1985-2013)","2008","2008","IDX","Index","0","Units",,,2.7420635,,
"EST","Estonia","EPRC_V1","Version 1 (1985-2013)","2009","2009","IDX","Index","0","Units",,,2.7420635,,
"EST","Estonia","EPRC_V1","Version 1 (1985-2013)","2010","2010","IDX","Index","0","Units",,,1.8095238,,
"EST","Estonia","EPRC_V1","Version 1 (1985-2013)","2011","2011","IDX","Index","0","Units",,,1.8095238,,
"EST","Estonia","EPRC_V1","Version 1 (1985-2013)","2012","2012","IDX","Index","0","Units",,,1.8095238,,
"EST","Estonia","EPRC_V1","Version 1 (1985-2013)","2013","2013","IDX","Index","0","Units",,,1.8095238,,
"LVA","Latvia","EPRC_V1","Version 1 (1985-2013)","2012","2012","IDX","Index","0","Units",,,2.6865079,,
"LVA","Latvia","EPRC_V1","Version 1 (1985-2013)","2013","2013","IDX","Index","0","Units",,,2.6865079,,
