"COUNTRY","Country","SERIES","Series","PERIOD","Pay period","TIME","Time","Unit Code","Unit","PowerCode Code","PowerCode","Reference Period Code","Reference Period","Value","Flag Codes","Flags"
"IRL","Ireland","PPP","In 2015 constant prices at 2015 USD PPPs","A","Annual","2000","2000","USD","US Dollar","0","Units",,,15464.083,,
"IRL","Ireland","PPP","In 2015 constant prices at 2015 USD PPPs","A","Annual","2001","2001","USD","US Dollar","0","Units",,,15252.019,,
"IRL","Ireland","PPP","In 2015 constant prices at 2015 USD PPPs","A","Annual","2002","2002","USD","US Dollar","0","Units",,,15307.836,,
"IRL","Ireland","PPP","In 2015 constant prices at 2015 USD PPPs","A","Annual","2003","2003","USD","US Dollar","0","Units",,,15472.534,,
"IRL","Ireland","PPP","In 2015 constant prices at 2015 USD PPPs","A","Annual","2004","2004","USD","US Dollar","0","Units",,,16572.697,,
"IRL","Ireland","PPP","In 2015 constant prices at 2015 USD PPPs","A","Annual","2005","2005","USD","US Dollar","0","Units",,,17298.639,,
"IRL","Ireland","PPP","In 2015 constant prices at 2015 USD PPPs","A","Annual","2006","2006","USD","US Dollar","0","Units",,,17132.443,,
"IRL","Ireland","PPP","In 2015 constant prices at 2015 USD PPPs","A","Annual","2007","2007","USD","US Dollar","0","Units",,,18100.918,,
"IRL","Ireland","PPP","In 2015 constant prices at 2015 USD PPPs","A","Annual","2008","2008","USD","US Dollar","0","Units",,,17747.406,,
"IRL","Ireland","PPP","In 2015 constant prices at 2015 USD PPPs","A","Annual","2009","2009","USD","US Dollar","0","Units",,,18580.139,,
"IRL","Ireland","PPP","In 2015 constant prices at 2015 USD PPPs","A","Annual","2010","2010","USD","US Dollar","0","Units",,,18755.832,,
"IRL","Ireland","PPP","In 2015 constant prices at 2015 USD PPPs","A","Annual","2011","2011","USD","US Dollar","0","Units",,,18284.299,,
"IRL","Ireland","PPP","In 2015 constant prices at 2015 USD PPPs","A","Annual","2012","2012","USD","US Dollar","0","Units",,,17979.943,,
"IRL","Ireland","PPP","In 2015 constant prices at 2015 USD PPPs","A","Annual","2013","2013","USD","US Dollar","0","Units",,,17890.01,,
"IRL","Ireland","PPP","In 2015 constant prices at 2015 USD PPPs","A","Annual","2014","2014","USD","US Dollar","0","Units",,,17854.875,,
"IRL","Ireland","PPP","In 2015 constant prices at 2015 USD PPPs","A","Annual","2015","2015","USD","US Dollar","0","Units",,,17907.637,,
"IRL","Ireland","PPP","In 2015 constant prices at 2015 USD PPPs","A","Annual","2016","2016","USD","US Dollar","0","Units",,,18942.762,,
"LUX","Luxembourg","PPP","In 2015 constant prices at 2015 USD PPPs","A","Annual","1991","1991","USD","US Dollar","0","Units",,,17425.723,,
"LUX","Luxembourg","PPP","In 2015 constant prices at 2015 USD PPPs","A","Annual","1992","1992","USD","US Dollar","0","Units",,,17730.762,,
"LUX","Luxembourg","PPP","In 2015 constant prices at 2015 USD PPPs","A","Annual","1993","1993","USD","US Dollar","0","Units",,,18333.529,,
"LUX","Luxembourg","PPP","In 2015 constant prices at 2015 USD PPPs","A","Annual","1994","1994","USD","US Dollar","0","Units",,,18562.342,,
"LUX","Luxembourg","PPP","In 2015 constant prices at 2015 USD PPPs","A","Annual","1995","1995","USD","US Dollar","0","Units",,,19175.91,,
"LUX","Luxembourg","PPP","In 2015 constant prices at 2015 USD PPPs","A","Annual","1996","1996","USD","US Dollar","0","Units",,,19106.898,,
"LUX","Luxembourg","PPP","In 2015 constant prices at 2015 USD PPPs","A","Annual","1997","1997","USD","US Dollar","0","Units",,,19899.152,,
"LUX","Luxembourg","PPP","In 2015 constant prices at 2015 USD PPPs","A","Annual","1998","1998","USD","US Dollar","0","Units",,,19750.377,,
"LUX","Luxembourg","PPP","In 2015 constant prices at 2015 USD PPPs","A","Annual","1999","1999","USD","US Dollar","0","Units",,,20011.021,,
"LUX","Luxembourg","PPP","In 2015 constant prices at 2015 USD PPPs","A","Annual","2000","2000","USD","US Dollar","0","Units",,,19925.521,,
"LUX","Luxembourg","PPP","In 2015 constant prices at 2015 USD PPPs","A","Annual","2001","2001","USD","US Dollar","0","Units",,,20637.07,,
"LUX","Luxembourg","PPP","In 2015 constant prices at 2015 USD PPPs","A","Annual","2002","2002","USD","US Dollar","0","Units",,,20596.047,,
"LUX","Luxembourg","PPP","In 2015 constant prices at 2015 USD PPPs","A","Annual","2003","2003","USD","US Dollar","0","Units",,,21366.678,,
"LUX","Luxembourg","PPP","In 2015 constant prices at 2015 USD PPPs","A","Annual","2004","2004","USD","US Dollar","0","Units",,,21335.592,,
"LUX","Luxembourg","PPP","In 2015 constant prices at 2015 USD PPPs","A","Annual","2005","2005","USD","US Dollar","0","Units",,,21764.568,,
"LUX","Luxembourg","PPP","In 2015 constant prices at 2015 USD PPPs","A","Annual","2006","2006","USD","US Dollar","0","Units",,,21639.123,,
"LUX","Luxembourg","PPP","In 2015 constant prices at 2015 USD PPPs","A","Annual","2007","2007","USD","US Dollar","0","Units",,,22044.701,,
"LUX","Luxembourg","PPP","In 2015 constant prices at 2015 USD PPPs","A","Annual","2008","2008","USD","US Dollar","0","Units",,,21763.514,,
"LUX","Luxembourg","PPP","In 2015 constant prices at 2015 USD PPPs","A","Annual","2009","2009","USD","US Dollar","0","Units",,,22670.305,,
"LUX","Luxembourg","PPP","In 2015 constant prices at 2015 USD PPPs","A","Annual","2010","2010","USD","US Dollar","0","Units",,,22534.82,,
"LUX","Luxembourg","PPP","In 2015 constant prices at 2015 USD PPPs","A","Annual","2011","2011","USD","US Dollar","0","Units",,,22619.83,,
"LUX","Luxembourg","PPP","In 2015 constant prices at 2015 USD PPPs","A","Annual","2012","2012","USD","US Dollar","0","Units",,,22583.826,,
"LUX","Luxembourg","PPP","In 2015 constant prices at 2015 USD PPPs","A","Annual","2013","2013","USD","US Dollar","0","Units",,,22840.506,,
"LUX","Luxembourg","PPP","In 2015 constant prices at 2015 USD PPPs","A","Annual","2014","2014","USD","US Dollar","0","Units",,,23401.492,,
"LUX","Luxembourg","PPP","In 2015 constant prices at 2015 USD PPPs","A","Annual","2015","2015","USD","US Dollar","0","Units",,,23290.914,,
"LUX","Luxembourg","PPP","In 2015 constant prices at 2015 USD PPPs","A","Annual","2016","2016","USD","US Dollar","0","Units",,,22836.064,,
"PRT","Portugal","PPP","In 2015 constant prices at 2015 USD PPPs","A","Annual","1991","1991","USD","US Dollar","0","Units",,,8288.7129,,
"PRT","Portugal","PPP","In 2015 constant prices at 2015 USD PPPs","A","Annual","1992","1992","USD","US Dollar","0","Units",,,8395.6387,,
"PRT","Portugal","PPP","In 2015 constant prices at 2015 USD PPPs","A","Annual","1993","1993","USD","US Dollar","0","Units",,,8374.6484,,
"PRT","Portugal","PPP","In 2015 constant prices at 2015 USD PPPs","A","Annual","1994","1994","USD","US Dollar","0","Units",,,8262.4756,,
"PRT","Portugal","PPP","In 2015 constant prices at 2015 USD PPPs","A","Annual","1995","1995","USD","US Dollar","0","Units",,,8361.8896,,
"PRT","Portugal","PPP","In 2015 constant prices at 2015 USD PPPs","A","Annual","1996","1996","USD","US Dollar","0","Units",,,8518.5459,,
"PRT","Portugal","PPP","In 2015 constant prices at 2015 USD PPPs","A","Annual","1997","1997","USD","US Dollar","0","Units",,,8644.1865,,
"PRT","Portugal","PPP","In 2015 constant prices at 2015 USD PPPs","A","Annual","1998","1998","USD","US Dollar","0","Units",,,8754.3604,,
"PRT","Portugal","PPP","In 2015 constant prices at 2015 USD PPPs","A","Annual","1999","1999","USD","US Dollar","0","Units",,,8902.7275,,
"PRT","Portugal","PPP","In 2015 constant prices at 2015 USD PPPs","A","Annual","2000","2000","USD","US Dollar","0","Units",,,9008.7871,,
"PRT","Portugal","PPP","In 2015 constant prices at 2015 USD PPPs","A","Annual","2001","2001","USD","US Dollar","0","Units",,,9064.5254,,
"PRT","Portugal","PPP","In 2015 constant prices at 2015 USD PPPs","A","Annual","2002","2002","USD","US Dollar","0","Units",,,9111.2207,,
"PRT","Portugal","PPP","In 2015 constant prices at 2015 USD PPPs","A","Annual","2003","2003","USD","US Dollar","0","Units",,,9044.958,,
"PRT","Portugal","PPP","In 2015 constant prices at 2015 USD PPPs","A","Annual","2004","2004","USD","US Dollar","0","Units",,,9058.9609,,
"PRT","Portugal","PPP","In 2015 constant prices at 2015 USD PPPs","A","Annual","2005","2005","USD","US Dollar","0","Units",,,9077.7285,,
"PRT","Portugal","PPP","In 2015 constant prices at 2015 USD PPPs","A","Annual","2006","2006","USD","US Dollar","0","Units",,,9067.2871,,
"PRT","Portugal","PPP","In 2015 constant prices at 2015 USD PPPs","A","Annual","2007","2007","USD","US Dollar","0","Units",,,9242.2744,,
"PRT","Portugal","PPP","In 2015 constant prices at 2015 USD PPPs","A","Annual","2008","2008","USD","US Dollar","0","Units",,,9523.2383,,
"PRT","Portugal","PPP","In 2015 constant prices at 2015 USD PPPs","A","Annual","2009","2009","USD","US Dollar","0","Units",,,10144.52,,
"PRT","Portugal","PPP","In 2015 constant prices at 2015 USD PPPs","A","Annual","2010","2010","USD","US Dollar","0","Units",,,10559.993,,
"PRT","Portugal","PPP","In 2015 constant prices at 2015 USD PPPs","A","Annual","2011","2011","USD","US Dollar","0","Units",,,10402.312,,
"PRT","Portugal","PPP","In 2015 constant prices at 2015 USD PPPs","A","Annual","2012","2012","USD","US Dollar","0","Units",,,10121.601,,
"PRT","Portugal","PPP","In 2015 constant prices at 2015 USD PPPs","A","Annual","2013","2013","USD","US Dollar","0","Units",,,10093.904,,
"PRT","Portugal","PPP","In 2015 constant prices at 2015 USD PPPs","A","Annual","2014","2014","USD","US Dollar","0","Units",,,10226.408,,
"PRT","Portugal","PPP","In 2015 constant prices at 2015 USD PPPs","A","Annual","2015","2015","USD","US Dollar","0","Units",,,10488.292,,
"PRT","Portugal","PPP","In 2015 constant prices at 2015 USD PPPs","A","Annual","2016","2016","USD","US Dollar","0","Units",,,10941.056,,
"USA","United States","PPP","In 2015 constant prices at 2015 USD PPPs","A","Annual","1991","1991","USD","US Dollar","0","Units",,,14977.186,,
"USA","United States","PPP","In 2015 constant prices at 2015 USD PPPs","A","Annual","1992","1992","USD","US Dollar","0","Units",,,14932.153,,
"USA","United States","PPP","In 2015 constant prices at 2015 USD PPPs","A","Annual","1993","1993","USD","US Dollar","0","Units",,,14504.044,,
"USA","United States","PPP","In 2015 constant prices at 2015 USD PPPs","A","Annual","1994","1994","USD","US Dollar","0","Units",,,14135.469,,
"USA","United States","PPP","In 2015 constant prices at 2015 USD PPPs","A","Annual","1995","1995","USD","US Dollar","0","Units",,,13749.731,,
"USA","United States","PPP","In 2015 constant prices at 2015 USD PPPs","A","Annual","1996","1996","USD","US Dollar","0","Units",,,13751.063,,
"USA","United States","PPP","In 2015 constant prices at 2015 USD PPPs","A","Annual","1997","1997","USD","US Dollar","0","Units",,,14997.704,,
"USA","United States","PPP","In 2015 constant prices at 2015 USD PPPs","A","Annual","1998","1998","USD","US Dollar","0","Units",,,15575.435,,
"USA","United States","PPP","In 2015 constant prices at 2015 USD PPPs","A","Annual","1999","1999","USD","US Dollar","0","Units",,,15241.935,,
"USA","United States","PPP","In 2015 constant prices at 2015 USD PPPs","A","Annual","2000","2000","USD","US Dollar","0","Units",,,14744.051,,
"USA","United States","PPP","In 2015 constant prices at 2015 USD PPPs","A","Annual","2001","2001","USD","US Dollar","0","Units",,,14338.811,,
"USA","United States","PPP","In 2015 constant prices at 2015 USD PPPs","A","Annual","2002","2002","USD","US Dollar","0","Units",,,14114.945,,
"USA","United States","PPP","In 2015 constant prices at 2015 USD PPPs","A","Annual","2003","2003","USD","US Dollar","0","Units",,,13801.634,,
"USA","United States","PPP","In 2015 constant prices at 2015 USD PPPs","A","Annual","2004","2004","USD","US Dollar","0","Units",,,13441.766,,
"USA","United States","PPP","In 2015 constant prices at 2015 USD PPPs","A","Annual","2005","2005","USD","US Dollar","0","Units",,,13000.686,,
"USA","United States","PPP","In 2015 constant prices at 2015 USD PPPs","A","Annual","2006","2006","USD","US Dollar","0","Units",,,12594.397,,
"USA","United States","PPP","In 2015 constant prices at 2015 USD PPPs","A","Annual","2007","2007","USD","US Dollar","0","Units",,,12974.395,,
"USA","United States","PPP","In 2015 constant prices at 2015 USD PPPs","A","Annual","2008","2008","USD","US Dollar","0","Units",,,14097.556,,
"USA","United States","PPP","In 2015 constant prices at 2015 USD PPPs","A","Annual","2009","2009","USD","US Dollar","0","Units",,,15756.423,,
"USA","United States","PPP","In 2015 constant prices at 2015 USD PPPs","A","Annual","2010","2010","USD","US Dollar","0","Units",,,16391.313,,
"USA","United States","PPP","In 2015 constant prices at 2015 USD PPPs","A","Annual","2011","2011","USD","US Dollar","0","Units",,,15889.705,,
"USA","United States","PPP","In 2015 constant prices at 2015 USD PPPs","A","Annual","2012","2012","USD","US Dollar","0","Units",,,15567.554,,
"USA","United States","PPP","In 2015 constant prices at 2015 USD PPPs","A","Annual","2013","2013","USD","US Dollar","0","Units",,,15342.814,,
"USA","United States","PPP","In 2015 constant prices at 2015 USD PPPs","A","Annual","2014","2014","USD","US Dollar","0","Units",,,15097.89,,
"USA","United States","PPP","In 2015 constant prices at 2015 USD PPPs","A","Annual","2015","2015","USD","US Dollar","0","Units",,,15080,,
"USA","United States","PPP","In 2015 constant prices at 2015 USD PPPs","A","Annual","2016","2016","USD","US Dollar","0","Units",,,14892.122,,
"EST","Estonia","PPP","In 2015 constant prices at 2015 USD PPPs","A","Annual","1998","1998","USD","US Dollar","0","Units",,,2536.8931,,
"EST","Estonia","PPP","In 2015 constant prices at 2015 USD PPPs","A","Annual","1999","1999","USD","US Dollar","0","Units",,,2790.842,,
"EST","Estonia","PPP","In 2015 constant prices at 2015 USD PPPs","A","Annual","2000","2000","USD","US Dollar","0","Units",,,3005.0161,,
"EST","Estonia","PPP","In 2015 constant prices at 2015 USD PPPs","A","Annual","2001","2001","USD","US Dollar","0","Units",,,3247.5979,,
"EST","Estonia","PPP","In 2015 constant prices at 2015 USD PPPs","A","Annual","2002","2002","USD","US Dollar","0","Units",,,3625.5491,,
"EST","Estonia","PPP","In 2015 constant prices at 2015 USD PPPs","A","Annual","2003","2003","USD","US Dollar","0","Units",,,4177.3032,,
"EST","Estonia","PPP","In 2015 constant prices at 2015 USD PPPs","A","Annual","2004","2004","USD","US Dollar","0","Units",,,4654.293,,
"EST","Estonia","PPP","In 2015 constant prices at 2015 USD PPPs","A","Annual","2005","2005","USD","US Dollar","0","Units",,,4850.5249,,
"EST","Estonia","PPP","In 2015 constant prices at 2015 USD PPPs","A","Annual","2006","2006","USD","US Dollar","0","Units",,,5179.6499,,
"EST","Estonia","PPP","In 2015 constant prices at 2015 USD PPPs","A","Annual","2007","2007","USD","US Dollar","0","Units",,,5830.6699,,
"EST","Estonia","PPP","In 2015 constant prices at 2015 USD PPPs","A","Annual","2008","2008","USD","US Dollar","0","Units",,,6383.8848,,
"EST","Estonia","PPP","In 2015 constant prices at 2015 USD PPPs","A","Annual","2009","2009","USD","US Dollar","0","Units",,,6388.894,,
"EST","Estonia","PPP","In 2015 constant prices at 2015 USD PPPs","A","Annual","2010","2010","USD","US Dollar","0","Units",,,6204.4941,,
"EST","Estonia","PPP","In 2015 constant prices at 2015 USD PPPs","A","Annual","2011","2011","USD","US Dollar","0","Units",,,5910.0601,,
"EST","Estonia","PPP","In 2015 constant prices at 2015 USD PPPs","A","Annual","2012","2012","USD","US Dollar","0","Units",,,5932.1382,,
"EST","Estonia","PPP","In 2015 constant prices at 2015 USD PPPs","A","Annual","2013","2013","USD","US Dollar","0","Units",,,6368.1611,,
"EST","Estonia","PPP","In 2015 constant prices at 2015 USD PPPs","A","Annual","2014","2014","USD","US Dollar","0","Units",,,7072.6411,,
"EST","Estonia","PPP","In 2015 constant prices at 2015 USD PPPs","A","Annual","2015","2015","USD","US Dollar","0","Units",,,7807.5259,,
"EST","Estonia","PPP","In 2015 constant prices at 2015 USD PPPs","A","Annual","2016","2016","USD","US Dollar","0","Units",,,8594.9775,,
"CAN","Canada","PPP","In 2015 constant prices at 2015 USD PPPs","A","Annual","1991","1991","USD","US Dollar","0","Units",,,12312.554,,
"CAN","Canada","PPP","In 2015 constant prices at 2015 USD PPPs","A","Annual","1992","1992","USD","US Dollar","0","Units",,,13041.657,,
"CAN","Canada","PPP","In 2015 constant prices at 2015 USD PPPs","A","Annual","1993","1993","USD","US Dollar","0","Units",,,13329.647,,
"CAN","Canada","PPP","In 2015 constant prices at 2015 USD PPPs","A","Annual","1994","1994","USD","US Dollar","0","Units",,,13742.055,,
"CAN","Canada","PPP","In 2015 constant prices at 2015 USD PPPs","A","Annual","1995","1995","USD","US Dollar","0","Units",,,13855.901,,
"CAN","Canada","PPP","In 2015 constant prices at 2015 USD PPPs","A","Annual","1996","1996","USD","US Dollar","0","Units",,,14038.341,,
"CAN","Canada","PPP","In 2015 constant prices at 2015 USD PPPs","A","Annual","1997","1997","USD","US Dollar","0","Units",,,13987.873,,
"CAN","Canada","PPP","In 2015 constant prices at 2015 USD PPPs","A","Annual","1998","1998","USD","US Dollar","0","Units",,,13957.3,,
"CAN","Canada","PPP","In 2015 constant prices at 2015 USD PPPs","A","Annual","1999","1999","USD","US Dollar","0","Units",,,13972.571,,
"CAN","Canada","PPP","In 2015 constant prices at 2015 USD PPPs","A","Annual","2000","2000","USD","US Dollar","0","Units",,,13705.395,,
"CAN","Canada","PPP","In 2015 constant prices at 2015 USD PPPs","A","Annual","2001","2001","USD","US Dollar","0","Units",,,13548.217,,
"CAN","Canada","PPP","In 2015 constant prices at 2015 USD PPPs","A","Annual","2002","2002","USD","US Dollar","0","Units",,,13405.794,,
"CAN","Canada","PPP","In 2015 constant prices at 2015 USD PPPs","A","Annual","2003","2003","USD","US Dollar","0","Units",,,13217.572,,
"CAN","Canada","PPP","In 2015 constant prices at 2015 USD PPPs","A","Annual","2004","2004","USD","US Dollar","0","Units",,,13238.716,,
"CAN","Canada","PPP","In 2015 constant prices at 2015 USD PPPs","A","Annual","2005","2005","USD","US Dollar","0","Units",,,13355.05,,
"CAN","Canada","PPP","In 2015 constant prices at 2015 USD PPPs","A","Annual","2006","2006","USD","US Dollar","0","Units",,,13649.689,,
"CAN","Canada","PPP","In 2015 constant prices at 2015 USD PPPs","A","Annual","2007","2007","USD","US Dollar","0","Units",,,13785.935,,
"CAN","Canada","PPP","In 2015 constant prices at 2015 USD PPPs","A","Annual","2008","2008","USD","US Dollar","0","Units",,,14342.762,,
"CAN","Canada","PPP","In 2015 constant prices at 2015 USD PPPs","A","Annual","2009","2009","USD","US Dollar","0","Units",,,15190.474,,
"CAN","Canada","PPP","In 2015 constant prices at 2015 USD PPPs","A","Annual","2010","2010","USD","US Dollar","0","Units",,,15732.952,,
"CAN","Canada","PPP","In 2015 constant prices at 2015 USD PPPs","A","Annual","2011","2011","USD","US Dollar","0","Units",,,15778.273,,
"CAN","Canada","PPP","In 2015 constant prices at 2015 USD PPPs","A","Annual","2012","2012","USD","US Dollar","0","Units",,,16074.195,,
"CAN","Canada","PPP","In 2015 constant prices at 2015 USD PPPs","A","Annual","2013","2013","USD","US Dollar","0","Units",,,16180.089,,
"CAN","Canada","PPP","In 2015 constant prices at 2015 USD PPPs","A","Annual","2014","2014","USD","US Dollar","0","Units",,,16284.476,,
"CAN","Canada","PPP","In 2015 constant prices at 2015 USD PPPs","A","Annual","2015","2015","USD","US Dollar","0","Units",,,16536.828,,
"CAN","Canada","PPP","In 2015 constant prices at 2015 USD PPPs","A","Annual","2016","2016","USD","US Dollar","0","Units",,,16792.385,,
"FRA","France","PPP","In 2015 constant prices at 2015 USD PPPs","A","Annual","1991","1991","USD","US Dollar","0","Units",,,16677.248,,
"FRA","France","PPP","In 2015 constant prices at 2015 USD PPPs","A","Annual","1992","1992","USD","US Dollar","0","Units",,,16931.695,,
"FRA","France","PPP","In 2015 constant prices at 2015 USD PPPs","A","Annual","1993","1993","USD","US Dollar","0","Units",,,17009.301,,
"FRA","France","PPP","In 2015 constant prices at 2015 USD PPPs","A","Annual","1994","1994","USD","US Dollar","0","Units",,,17098.813,,
"FRA","France","PPP","In 2015 constant prices at 2015 USD PPPs","A","Annual","1995","1995","USD","US Dollar","0","Units",,,17313.648,,
"FRA","France","PPP","In 2015 constant prices at 2015 USD PPPs","A","Annual","1996","1996","USD","US Dollar","0","Units",,,17585.895,,
"FRA","France","PPP","In 2015 constant prices at 2015 USD PPPs","A","Annual","1997","1997","USD","US Dollar","0","Units",,,17882.268,,
"FRA","France","PPP","In 2015 constant prices at 2015 USD PPPs","A","Annual","1998","1998","USD","US Dollar","0","Units",,,18294.006,,
"FRA","France","PPP","In 2015 constant prices at 2015 USD PPPs","A","Annual","1999","1999","USD","US Dollar","0","Units",,,18496.039,,
"FRA","France","PPP","In 2015 constant prices at 2015 USD PPPs","A","Annual","2000","2000","USD","US Dollar","0","Units",,,16695.805,,
"FRA","France","PPP","In 2015 constant prices at 2015 USD PPPs","A","Annual","2001","2001","USD","US Dollar","0","Units",,,17026.059,,
"FRA","France","PPP","In 2015 constant prices at 2015 USD PPPs","A","Annual","2002","2002","USD","US Dollar","0","Units",,,17241.148,,
"FRA","France","PPP","In 2015 constant prices at 2015 USD PPPs","A","Annual","2003","2003","USD","US Dollar","0","Units",,,17537.182,,
"FRA","France","PPP","In 2015 constant prices at 2015 USD PPPs","A","Annual","2004","2004","USD","US Dollar","0","Units",,,18124.619,,
"FRA","France","PPP","In 2015 constant prices at 2015 USD PPPs","A","Annual","2005","2005","USD","US Dollar","0","Units",,,18824.662,,
"FRA","France","PPP","In 2015 constant prices at 2015 USD PPPs","A","Annual","2006","2006","USD","US Dollar","0","Units",,,19295.826,,
"FRA","France","PPP","In 2015 constant prices at 2015 USD PPPs","A","Annual","2007","2007","USD","US Dollar","0","Units",,,19491.205,,
"FRA","France","PPP","In 2015 constant prices at 2015 USD PPPs","A","Annual","2008","2008","USD","US Dollar","0","Units",,,19529.021,,
"FRA","France","PPP","In 2015 constant prices at 2015 USD PPPs","A","Annual","2009","2009","USD","US Dollar","0","Units",,,19870.871,,
"FRA","France","PPP","In 2015 constant prices at 2015 USD PPPs","A","Annual","2010","2010","USD","US Dollar","0","Units",,,19738.678,,
"FRA","France","PPP","In 2015 constant prices at 2015 USD PPPs","A","Annual","2011","2011","USD","US Dollar","0","Units",,,19714.971,,
"FRA","France","PPP","In 2015 constant prices at 2015 USD PPPs","A","Annual","2012","2012","USD","US Dollar","0","Units",,,19968.049,,
"FRA","France","PPP","In 2015 constant prices at 2015 USD PPPs","A","Annual","2013","2013","USD","US Dollar","0","Units",,,20052.246,,
"FRA","France","PPP","In 2015 constant prices at 2015 USD PPPs","A","Annual","2014","2014","USD","US Dollar","0","Units",,,20162.414,,
"FRA","France","PPP","In 2015 constant prices at 2015 USD PPPs","A","Annual","2015","2015","USD","US Dollar","0","Units",,,20324.137,,
"FRA","France","PPP","In 2015 constant prices at 2015 USD PPPs","A","Annual","2016","2016","USD","US Dollar","0","Units",,,20413.598,,
"POL","Poland","PPP","In 2015 constant prices at 2015 USD PPPs","A","Annual","1992","1992","USD","US Dollar","0","Units",,,4192.9692,,
"POL","Poland","PPP","In 2015 constant prices at 2015 USD PPPs","A","Annual","1993","1993","USD","US Dollar","0","Units",,,4504.0732,,
"POL","Poland","PPP","In 2015 constant prices at 2015 USD PPPs","A","Annual","1994","1994","USD","US Dollar","0","Units",,,4550.936,,
"POL","Poland","PPP","In 2015 constant prices at 2015 USD PPPs","A","Annual","1995","1995","USD","US Dollar","0","Units",,,4714.7891,,
"POL","Poland","PPP","In 2015 constant prices at 2015 USD PPPs","A","Annual","1996","1996","USD","US Dollar","0","Units",,,4885.1201,,
"POL","Poland","PPP","In 2015 constant prices at 2015 USD PPPs","A","Annual","1997","1997","USD","US Dollar","0","Units",,,5128.4082,,
"POL","Poland","PPP","In 2015 constant prices at 2015 USD PPPs","A","Annual","1998","1998","USD","US Dollar","0","Units",,,5339.355,,
"POL","Poland","PPP","In 2015 constant prices at 2015 USD PPPs","A","Annual","1999","1999","USD","US Dollar","0","Units",,,5306.1372,,
"POL","Poland","PPP","In 2015 constant prices at 2015 USD PPPs","A","Annual","2000","2000","USD","US Dollar","0","Units",,,6172.3398,,
"POL","Poland","PPP","In 2015 constant prices at 2015 USD PPPs","A","Annual","2001","2001","USD","US Dollar","0","Units",,,6593.0259,,
"POL","Poland","PPP","In 2015 constant prices at 2015 USD PPPs","A","Annual","2002","2002","USD","US Dollar","0","Units",,,6469.7568,,
"POL","Poland","PPP","In 2015 constant prices at 2015 USD PPPs","A","Annual","2003","2003","USD","US Dollar","0","Units",,,6764.0928,,
"POL","Poland","PPP","In 2015 constant prices at 2015 USD PPPs","A","Annual","2004","2004","USD","US Dollar","0","Units",,,6739.0571,,
"POL","Poland","PPP","In 2015 constant prices at 2015 USD PPPs","A","Annual","2005","2005","USD","US Dollar","0","Units",,,6795.127,,
"POL","Poland","PPP","In 2015 constant prices at 2015 USD PPPs","A","Annual","2006","2006","USD","US Dollar","0","Units",,,7104.0459,,
"POL","Poland","PPP","In 2015 constant prices at 2015 USD PPPs","A","Annual","2007","2007","USD","US Dollar","0","Units",,,7218.9321,,
"POL","Poland","PPP","In 2015 constant prices at 2015 USD PPPs","A","Annual","2008","2008","USD","US Dollar","0","Units",,,8337.0762,,
"POL","Poland","PPP","In 2015 constant prices at 2015 USD PPPs","A","Annual","2009","2009","USD","US Dollar","0","Units",,,9102.2334,,
"POL","Poland","PPP","In 2015 constant prices at 2015 USD PPPs","A","Annual","2010","2010","USD","US Dollar","0","Units",,,9158.3535,,
"POL","Poland","PPP","In 2015 constant prices at 2015 USD PPPs","A","Annual","2011","2011","USD","US Dollar","0","Units",,,9246.1934,,
"POL","Poland","PPP","In 2015 constant prices at 2015 USD PPPs","A","Annual","2012","2012","USD","US Dollar","0","Units",,,9662.6768,,
"POL","Poland","PPP","In 2015 constant prices at 2015 USD PPPs","A","Annual","2013","2013","USD","US Dollar","0","Units",,,10205.613,,
"POL","Poland","PPP","In 2015 constant prices at 2015 USD PPPs","A","Annual","2014","2014","USD","US Dollar","0","Units",,,10710.136,,
"POL","Poland","PPP","In 2015 constant prices at 2015 USD PPPs","A","Annual","2015","2015","USD","US Dollar","0","Units",,,11254.773,,
"POL","Poland","PPP","In 2015 constant prices at 2015 USD PPPs","A","Annual","2016","2016","USD","US Dollar","0","Units",,,11977.516,,
"BEL","Belgium","PPP","In 2015 constant prices at 2015 USD PPPs","A","Annual","1991","1991","USD","US Dollar","0","Units",,,20589.568,,
"BEL","Belgium","PPP","In 2015 constant prices at 2015 USD PPPs","A","Annual","1992","1992","USD","US Dollar","0","Units",,,21374.545,,
"BEL","Belgium","PPP","In 2015 constant prices at 2015 USD PPPs","A","Annual","1993","1993","USD","US Dollar","0","Units",,,21550.373,,
"BEL","Belgium","PPP","In 2015 constant prices at 2015 USD PPPs","A","Annual","1994","1994","USD","US Dollar","0","Units",,,21461.428,,
"BEL","Belgium","PPP","In 2015 constant prices at 2015 USD PPPs","A","Annual","1995","1995","USD","US Dollar","0","Units",,,21537.957,,
"BEL","Belgium","PPP","In 2015 constant prices at 2015 USD PPPs","A","Annual","1996","1996","USD","US Dollar","0","Units",,,21381.219,,
"BEL","Belgium","PPP","In 2015 constant prices at 2015 USD PPPs","A","Annual","1997","1997","USD","US Dollar","0","Units",,,21283.076,,
"BEL","Belgium","PPP","In 2015 constant prices at 2015 USD PPPs","A","Annual","1998","1998","USD","US Dollar","0","Units",,,21397.668,,
"BEL","Belgium","PPP","In 2015 constant prices at 2015 USD PPPs","A","Annual","1999","1999","USD","US Dollar","0","Units",,,21406.76,,
"BEL","Belgium","PPP","In 2015 constant prices at 2015 USD PPPs","A","Annual","2000","2000","USD","US Dollar","0","Units",,,21187.799,,
"BEL","Belgium","PPP","In 2015 constant prices at 2015 USD PPPs","A","Annual","2001","2001","USD","US Dollar","0","Units",,,21196.588,,
"BEL","Belgium","PPP","In 2015 constant prices at 2015 USD PPPs","A","Annual","2002","2002","USD","US Dollar","0","Units",,,21410.447,,
"BEL","Belgium","PPP","In 2015 constant prices at 2015 USD PPPs","A","Annual","2003","2003","USD","US Dollar","0","Units",,,21356.533,,
"BEL","Belgium","PPP","In 2015 constant prices at 2015 USD PPPs","A","Annual","2004","2004","USD","US Dollar","0","Units",,,21195.617,,
"BEL","Belgium","PPP","In 2015 constant prices at 2015 USD PPPs","A","Annual","2005","2005","USD","US Dollar","0","Units",,,21103.824,,
"BEL","Belgium","PPP","In 2015 constant prices at 2015 USD PPPs","A","Annual","2006","2006","USD","US Dollar","0","Units",,,21042.279,,
"BEL","Belgium","PPP","In 2015 constant prices at 2015 USD PPPs","A","Annual","2007","2007","USD","US Dollar","0","Units",,,21310.053,,
"BEL","Belgium","PPP","In 2015 constant prices at 2015 USD PPPs","A","Annual","2008","2008","USD","US Dollar","0","Units",,,21416.957,,
"BEL","Belgium","PPP","In 2015 constant prices at 2015 USD PPPs","A","Annual","2009","2009","USD","US Dollar","0","Units",,,22140.191,,
"BEL","Belgium","PPP","In 2015 constant prices at 2015 USD PPPs","A","Annual","2010","2010","USD","US Dollar","0","Units",,,21810.281,,
"BEL","Belgium","PPP","In 2015 constant prices at 2015 USD PPPs","A","Annual","2011","2011","USD","US Dollar","0","Units",,,21629.799,,
"BEL","Belgium","PPP","In 2015 constant prices at 2015 USD PPPs","A","Annual","2012","2012","USD","US Dollar","0","Units",,,21594.918,,
"BEL","Belgium","PPP","In 2015 constant prices at 2015 USD PPPs","A","Annual","2013","2013","USD","US Dollar","0","Units",,,21783.131,,
"BEL","Belgium","PPP","In 2015 constant prices at 2015 USD PPPs","A","Annual","2014","2014","USD","US Dollar","0","Units",,,21709.326,,
"BEL","Belgium","PPP","In 2015 constant prices at 2015 USD PPPs","A","Annual","2015","2015","USD","US Dollar","0","Units",,,21588.119,,
"BEL","Belgium","PPP","In 2015 constant prices at 2015 USD PPPs","A","Annual","2016","2016","USD","US Dollar","0","Units",,,21170.248,,
"HUN","Hungary","PPP","In 2015 constant prices at 2015 USD PPPs","A","Annual","1991","1991","USD","US Dollar","0","Units",,,4966.2778,,
"HUN","Hungary","PPP","In 2015 constant prices at 2015 USD PPPs","A","Annual","1992","1992","USD","US Dollar","0","Units",,,4795.4819,,
"HUN","Hungary","PPP","In 2015 constant prices at 2015 USD PPPs","A","Annual","1993","1993","USD","US Dollar","0","Units",,,4364.5088,,
"HUN","Hungary","PPP","In 2015 constant prices at 2015 USD PPPs","A","Annual","1994","1994","USD","US Dollar","0","Units",,,4272.2412,,
"HUN","Hungary","PPP","In 2015 constant prices at 2015 USD PPPs","A","Annual","1995","1995","USD","US Dollar","0","Units",,,3824.5229,,
"HUN","Hungary","PPP","In 2015 constant prices at 2015 USD PPPs","A","Annual","1996","1996","USD","US Dollar","0","Units",,,3719.2339,,
"HUN","Hungary","PPP","In 2015 constant prices at 2015 USD PPPs","A","Annual","1997","1997","USD","US Dollar","0","Units",,,3735.167,,
"HUN","Hungary","PPP","In 2015 constant prices at 2015 USD PPPs","A","Annual","1998","1998","USD","US Dollar","0","Units",,,3753.231,,
"HUN","Hungary","PPP","In 2015 constant prices at 2015 USD PPPs","A","Annual","1999","1999","USD","US Dollar","0","Units",,,3937.0359,,
"HUN","Hungary","PPP","In 2015 constant prices at 2015 USD PPPs","A","Annual","2000","2000","USD","US Dollar","0","Units",,,4063.5959,,
"HUN","Hungary","PPP","In 2015 constant prices at 2015 USD PPPs","A","Annual","2001","2001","USD","US Dollar","0","Units",,,5841.6919,,
"HUN","Hungary","PPP","In 2015 constant prices at 2015 USD PPPs","A","Annual","2002","2002","USD","US Dollar","0","Units",,,6936.8589,,
"HUN","Hungary","PPP","In 2015 constant prices at 2015 USD PPPs","A","Annual","2003","2003","USD","US Dollar","0","Units",,,6627.9302,,
"HUN","Hungary","PPP","In 2015 constant prices at 2015 USD PPPs","A","Annual","2004","2004","USD","US Dollar","0","Units",,,6581.7119,,
"HUN","Hungary","PPP","In 2015 constant prices at 2015 USD PPPs","A","Annual","2005","2005","USD","US Dollar","0","Units",,,6835.0151,,
"HUN","Hungary","PPP","In 2015 constant prices at 2015 USD PPPs","A","Annual","2006","2006","USD","US Dollar","0","Units",,,7211.1138,,
"HUN","Hungary","PPP","In 2015 constant prices at 2015 USD PPPs","A","Annual","2007","2007","USD","US Dollar","0","Units",,,7000.125,,
"HUN","Hungary","PPP","In 2015 constant prices at 2015 USD PPPs","A","Annual","2008","2008","USD","US Dollar","0","Units",,,6953.981,,
"HUN","Hungary","PPP","In 2015 constant prices at 2015 USD PPPs","A","Annual","2009","2009","USD","US Dollar","0","Units",,,6914.71,,
"HUN","Hungary","PPP","In 2015 constant prices at 2015 USD PPPs","A","Annual","2010","2010","USD","US Dollar","0","Units",,,6778.9722,,
"HUN","Hungary","PPP","In 2015 constant prices at 2015 USD PPPs","A","Annual","2011","2011","USD","US Dollar","0","Units",,,6921.9839,,
"HUN","Hungary","PPP","In 2015 constant prices at 2015 USD PPPs","A","Annual","2012","2012","USD","US Dollar","0","Units",,,7811.6089,,
"HUN","Hungary","PPP","In 2015 constant prices at 2015 USD PPPs","A","Annual","2013","2013","USD","US Dollar","0","Units",,,8091.3501,,
"HUN","Hungary","PPP","In 2015 constant prices at 2015 USD PPPs","A","Annual","2014","2014","USD","US Dollar","0","Units",,,8399.4414,,
"HUN","Hungary","PPP","In 2015 constant prices at 2015 USD PPPs","A","Annual","2015","2015","USD","US Dollar","0","Units",,,8694.4355,,
"HUN","Hungary","PPP","In 2015 constant prices at 2015 USD PPPs","A","Annual","2016","2016","USD","US Dollar","0","Units",,,9155.1201,,
"GBR","United Kingdom","PPP","In 2015 constant prices at 2015 USD PPPs","A","Annual","2000","2000","USD","US Dollar","0","Units",,,13039.477,,
"GBR","United Kingdom","PPP","In 2015 constant prices at 2015 USD PPPs","A","Annual","2001","2001","USD","US Dollar","0","Units",,,13501.801,,
"GBR","United Kingdom","PPP","In 2015 constant prices at 2015 USD PPPs","A","Annual","2002","2002","USD","US Dollar","0","Units",,,14477.861,,
"GBR","United Kingdom","PPP","In 2015 constant prices at 2015 USD PPPs","A","Annual","2003","2003","USD","US Dollar","0","Units",,,14800.696,,
"GBR","United Kingdom","PPP","In 2015 constant prices at 2015 USD PPPs","A","Annual","2004","2004","USD","US Dollar","0","Units",,,15671.657,,
"GBR","United Kingdom","PPP","In 2015 constant prices at 2015 USD PPPs","A","Annual","2005","2005","USD","US Dollar","0","Units",,,16405.211,,
"GBR","United Kingdom","PPP","In 2015 constant prices at 2015 USD PPPs","A","Annual","2006","2006","USD","US Dollar","0","Units",,,16764.969,,
"GBR","United Kingdom","PPP","In 2015 constant prices at 2015 USD PPPs","A","Annual","2007","2007","USD","US Dollar","0","Units",,,17240.371,,
"GBR","United Kingdom","PPP","In 2015 constant prices at 2015 USD PPPs","A","Annual","2008","2008","USD","US Dollar","0","Units",,,17198.191,,
"GBR","United Kingdom","PPP","In 2015 constant prices at 2015 USD PPPs","A","Annual","2009","2009","USD","US Dollar","0","Units",,,17359.232,,
"GBR","United Kingdom","PPP","In 2015 constant prices at 2015 USD PPPs","A","Annual","2010","2010","USD","US Dollar","0","Units",,,17053.221,,
"GBR","United Kingdom","PPP","In 2015 constant prices at 2015 USD PPPs","A","Annual","2011","2011","USD","US Dollar","0","Units",,,16701.367,,
"GBR","United Kingdom","PPP","In 2015 constant prices at 2015 USD PPPs","A","Annual","2012","2012","USD","US Dollar","0","Units",,,16628.547,,
"GBR","United Kingdom","PPP","In 2015 constant prices at 2015 USD PPPs","A","Annual","2013","2013","USD","US Dollar","0","Units",,,16510.783,,
"GBR","United Kingdom","PPP","In 2015 constant prices at 2015 USD PPPs","A","Annual","2014","2014","USD","US Dollar","0","Units",,,16630.965,,
"GBR","United Kingdom","PPP","In 2015 constant prices at 2015 USD PPPs","A","Annual","2015","2015","USD","US Dollar","0","Units",,,17125.453,,
"GBR","United Kingdom","PPP","In 2015 constant prices at 2015 USD PPPs","A","Annual","2016","2016","USD","US Dollar","0","Units",,,17568.326,,
"GRC","Greece","PPP","In 2015 constant prices at 2015 USD PPPs","A","Annual","1991","1991","USD","US Dollar","0","Units",,,12323.988,,
"GRC","Greece","PPP","In 2015 constant prices at 2015 USD PPPs","A","Annual","1992","1992","USD","US Dollar","0","Units",,,11844.684,,
"GRC","Greece","PPP","In 2015 constant prices at 2015 USD PPPs","A","Annual","1993","1993","USD","US Dollar","0","Units",,,11581.477,,
"GRC","Greece","PPP","In 2015 constant prices at 2015 USD PPPs","A","Annual","1994","1994","USD","US Dollar","0","Units",,,11766.672,,
"GRC","Greece","PPP","In 2015 constant prices at 2015 USD PPPs","A","Annual","1995","1995","USD","US Dollar","0","Units",,,11820.161,,
"GRC","Greece","PPP","In 2015 constant prices at 2015 USD PPPs","A","Annual","1996","1996","USD","US Dollar","0","Units",,,11776.539,,
"GRC","Greece","PPP","In 2015 constant prices at 2015 USD PPPs","A","Annual","1997","1997","USD","US Dollar","0","Units",,,12059.593,,
"GRC","Greece","PPP","In 2015 constant prices at 2015 USD PPPs","A","Annual","1998","1998","USD","US Dollar","0","Units",,,12135.014,,
"GRC","Greece","PPP","In 2015 constant prices at 2015 USD PPPs","A","Annual","1999","1999","USD","US Dollar","0","Units",,,12243.383,,
"GRC","Greece","PPP","In 2015 constant prices at 2015 USD PPPs","A","Annual","2000","2000","USD","US Dollar","0","Units",,,12368.68,,
"GRC","Greece","PPP","In 2015 constant prices at 2015 USD PPPs","A","Annual","2001","2001","USD","US Dollar","0","Units",,,12363.485,,
"GRC","Greece","PPP","In 2015 constant prices at 2015 USD PPPs","A","Annual","2002","2002","USD","US Dollar","0","Units",,,12566.096,,
"GRC","Greece","PPP","In 2015 constant prices at 2015 USD PPPs","A","Annual","2003","2003","USD","US Dollar","0","Units",,,12759.384,,
"GRC","Greece","PPP","In 2015 constant prices at 2015 USD PPPs","A","Annual","2004","2004","USD","US Dollar","0","Units",,,13035.182,,
"GRC","Greece","PPP","In 2015 constant prices at 2015 USD PPPs","A","Annual","2005","2005","USD","US Dollar","0","Units",,,13288.276,,
"GRC","Greece","PPP","In 2015 constant prices at 2015 USD PPPs","A","Annual","2006","2006","USD","US Dollar","0","Units",,,13672.275,,
"GRC","Greece","PPP","In 2015 constant prices at 2015 USD PPPs","A","Annual","2007","2007","USD","US Dollar","0","Units",,,14000.953,,
"GRC","Greece","PPP","In 2015 constant prices at 2015 USD PPPs","A","Annual","2008","2008","USD","US Dollar","0","Units",,,14276.618,,
"GRC","Greece","PPP","In 2015 constant prices at 2015 USD PPPs","A","Annual","2009","2009","USD","US Dollar","0","Units",,,14914.342,,
"GRC","Greece","PPP","In 2015 constant prices at 2015 USD PPPs","A","Annual","2010","2010","USD","US Dollar","0","Units",,,14494.549,,
"GRC","Greece","PPP","In 2015 constant prices at 2015 USD PPPs","A","Annual","2011","2011","USD","US Dollar","0","Units",,,14140.007,,
"GRC","Greece","PPP","In 2015 constant prices at 2015 USD PPPs","A","Annual","2012","2012","USD","US Dollar","0","Units",,,11309.243,,
"GRC","Greece","PPP","In 2015 constant prices at 2015 USD PPPs","A","Annual","2013","2013","USD","US Dollar","0","Units",,,11052.496,,
"GRC","Greece","PPP","In 2015 constant prices at 2015 USD PPPs","A","Annual","2014","2014","USD","US Dollar","0","Units",,,11199.34,,
"GRC","Greece","PPP","In 2015 constant prices at 2015 USD PPPs","A","Annual","2015","2015","USD","US Dollar","0","Units",,,11397.206,,
"GRC","Greece","PPP","In 2015 constant prices at 2015 USD PPPs","A","Annual","2016","2016","USD","US Dollar","0","Units",,,11492.088,,
"SVN","Slovenia","PPP","In 2015 constant prices at 2015 USD PPPs","A","Annual","1995","1995","USD","US Dollar","0","Units",,,8247.7852,,
"SVN","Slovenia","PPP","In 2015 constant prices at 2015 USD PPPs","A","Annual","1996","1996","USD","US Dollar","0","Units",,,8662.7275,,
"SVN","Slovenia","PPP","In 2015 constant prices at 2015 USD PPPs","A","Annual","1997","1997","USD","US Dollar","0","Units",,,8859.1172,,
"SVN","Slovenia","PPP","In 2015 constant prices at 2015 USD PPPs","A","Annual","1998","1998","USD","US Dollar","0","Units",,,8920.1504,,
"SVN","Slovenia","PPP","In 2015 constant prices at 2015 USD PPPs","A","Annual","1999","1999","USD","US Dollar","0","Units",,,9296.2383,,
"SVN","Slovenia","PPP","In 2015 constant prices at 2015 USD PPPs","A","Annual","2000","2000","USD","US Dollar","0","Units",,,9412.7402,,
"SVN","Slovenia","PPP","In 2015 constant prices at 2015 USD PPPs","A","Annual","2001","2001","USD","US Dollar","0","Units",,,9860.0186,,
"SVN","Slovenia","PPP","In 2015 constant prices at 2015 USD PPPs","A","Annual","2002","2002","USD","US Dollar","0","Units",,,10228.709,,
"SVN","Slovenia","PPP","In 2015 constant prices at 2015 USD PPPs","A","Annual","2003","2003","USD","US Dollar","0","Units",,,10564.821,,
"SVN","Slovenia","PPP","In 2015 constant prices at 2015 USD PPPs","A","Annual","2004","2004","USD","US Dollar","0","Units",,,10911.386,,
"SVN","Slovenia","PPP","In 2015 constant prices at 2015 USD PPPs","A","Annual","2005","2005","USD","US Dollar","0","Units",,,11176.718,,
"SVN","Slovenia","PPP","In 2015 constant prices at 2015 USD PPPs","A","Annual","2006","2006","USD","US Dollar","0","Units",,,11273.049,,
"SVN","Slovenia","PPP","In 2015 constant prices at 2015 USD PPPs","A","Annual","2007","2007","USD","US Dollar","0","Units",,,11147.784,,
"SVN","Slovenia","PPP","In 2015 constant prices at 2015 USD PPPs","A","Annual","2008","2008","USD","US Dollar","0","Units",,,11400.252,,
"SVN","Slovenia","PPP","In 2015 constant prices at 2015 USD PPPs","A","Annual","2009","2009","USD","US Dollar","0","Units",,,11727.232,,
"SVN","Slovenia","PPP","In 2015 constant prices at 2015 USD PPPs","A","Annual","2010","2010","USD","US Dollar","0","Units",,,13827.877,,
"SVN","Slovenia","PPP","In 2015 constant prices at 2015 USD PPPs","A","Annual","2011","2011","USD","US Dollar","0","Units",,,14240.07,,
"SVN","Slovenia","PPP","In 2015 constant prices at 2015 USD PPPs","A","Annual","2012","2012","USD","US Dollar","0","Units",,,14200.683,,
"SVN","Slovenia","PPP","In 2015 constant prices at 2015 USD PPPs","A","Annual","2013","2013","USD","US Dollar","0","Units",,,14331.078,,
"SVN","Slovenia","PPP","In 2015 constant prices at 2015 USD PPPs","A","Annual","2014","2014","USD","US Dollar","0","Units",,,14394.414,,
"SVN","Slovenia","PPP","In 2015 constant prices at 2015 USD PPPs","A","Annual","2015","2015","USD","US Dollar","0","Units",,,14512.807,,
"SVN","Slovenia","PPP","In 2015 constant prices at 2015 USD PPPs","A","Annual","2016","2016","USD","US Dollar","0","Units",,,14520.798,,
"TUR","Turkey","PPP","In 2015 constant prices at 2015 USD PPPs","A","Annual","1994","1994","USD","US Dollar","0","Units",,,5116.5278,,
"TUR","Turkey","PPP","In 2015 constant prices at 2015 USD PPPs","A","Annual","1995","1995","USD","US Dollar","0","Units",,,4959.5952,,
"TUR","Turkey","PPP","In 2015 constant prices at 2015 USD PPPs","A","Annual","1996","1996","USD","US Dollar","0","Units",,,5899.2031,,
"TUR","Turkey","PPP","In 2015 constant prices at 2015 USD PPPs","A","Annual","1997","1997","USD","US Dollar","0","Units",,,6524.4878,,
"TUR","Turkey","PPP","In 2015 constant prices at 2015 USD PPPs","A","Annual","1998","1998","USD","US Dollar","0","Units",,,5811.7769,,
"TUR","Turkey","PPP","In 2015 constant prices at 2015 USD PPPs","A","Annual","1999","1999","USD","US Dollar","0","Units",,,7451.978,,
"TUR","Turkey","PPP","In 2015 constant prices at 2015 USD PPPs","A","Annual","2000","2000","USD","US Dollar","0","Units",,,6405.397,,
"TUR","Turkey","PPP","In 2015 constant prices at 2015 USD PPPs","A","Annual","2001","2001","USD","US Dollar","0","Units",,,5524.0068,,
"TUR","Turkey","PPP","In 2015 constant prices at 2015 USD PPPs","A","Annual","2002","2002","USD","US Dollar","0","Units",,,5919.8218,,
"TUR","Turkey","PPP","In 2015 constant prices at 2015 USD PPPs","A","Annual","2003","2003","USD","US Dollar","0","Units",,,6300.437,,
"TUR","Turkey","PPP","In 2015 constant prices at 2015 USD PPPs","A","Annual","2004","2004","USD","US Dollar","0","Units",,,8220.3564,,
"TUR","Turkey","PPP","In 2015 constant prices at 2015 USD PPPs","A","Annual","2005","2005","USD","US Dollar","0","Units",,,8564.9561,,
"TUR","Turkey","PPP","In 2015 constant prices at 2015 USD PPPs","A","Annual","2006","2006","USD","US Dollar","0","Units",,,8491.3682,,
"TUR","Turkey","PPP","In 2015 constant prices at 2015 USD PPPs","A","Annual","2007","2007","USD","US Dollar","0","Units",,,8436.2979,,
"TUR","Turkey","PPP","In 2015 constant prices at 2015 USD PPPs","A","Annual","2008","2008","USD","US Dollar","0","Units",,,8301.5244,,
"TUR","Turkey","PPP","In 2015 constant prices at 2015 USD PPPs","A","Annual","2009","2009","USD","US Dollar","0","Units",,,8514.1846,,
"TUR","Turkey","PPP","In 2015 constant prices at 2015 USD PPPs","A","Annual","2010","2010","USD","US Dollar","0","Units",,,8595.4482,,
"TUR","Turkey","PPP","In 2015 constant prices at 2015 USD PPPs","A","Annual","2011","2011","USD","US Dollar","0","Units",,,8853.4424,,
"TUR","Turkey","PPP","In 2015 constant prices at 2015 USD PPPs","A","Annual","2012","2012","USD","US Dollar","0","Units",,,9093.6318,,
"TUR","Turkey","PPP","In 2015 constant prices at 2015 USD PPPs","A","Annual","2013","2013","USD","US Dollar","0","Units",,,9261.2588,,
"TUR","Turkey","PPP","In 2015 constant prices at 2015 USD PPPs","A","Annual","2014","2014","USD","US Dollar","0","Units",,,9379.5137,,
"TUR","Turkey","PPP","In 2015 constant prices at 2015 USD PPPs","A","Annual","2015","2015","USD","US Dollar","0","Units",,,10062.421,,
"TUR","Turkey","PPP","In 2015 constant prices at 2015 USD PPPs","A","Annual","2016","2016","USD","US Dollar","0","Units",,,12074.759,,
"SVK","Slovak Republic","PPP","In 2015 constant prices at 2015 USD PPPs","A","Annual","1991","1991","USD","US Dollar","0","Units",,,5588.3252,,
"SVK","Slovak Republic","PPP","In 2015 constant prices at 2015 USD PPPs","A","Annual","1992","1992","USD","US Dollar","0","Units",,,6102.2622,,
"SVK","Slovak Republic","PPP","In 2015 constant prices at 2015 USD PPPs","A","Annual","1993","1993","USD","US Dollar","0","Units",,,5090.2539,,
"SVK","Slovak Republic","PPP","In 2015 constant prices at 2015 USD PPPs","A","Annual","1994","1994","USD","US Dollar","0","Units",,,4860.0908,,
"SVK","Slovak Republic","PPP","In 2015 constant prices at 2015 USD PPPs","A","Annual","1995","1995","USD","US Dollar","0","Units",,,4424.6558,,
"SVK","Slovak Republic","PPP","In 2015 constant prices at 2015 USD PPPs","A","Annual","1996","1996","USD","US Dollar","0","Units",,,4503.1821,,
"SVK","Slovak Republic","PPP","In 2015 constant prices at 2015 USD PPPs","A","Annual","1997","1997","USD","US Dollar","0","Units",,,4343.1382,,
"SVK","Slovak Republic","PPP","In 2015 constant prices at 2015 USD PPPs","A","Annual","1998","1998","USD","US Dollar","0","Units",,,4524.145,,
"SVK","Slovak Republic","PPP","In 2015 constant prices at 2015 USD PPPs","A","Annual","1999","1999","USD","US Dollar","0","Units",,,4705.3862,,
"SVK","Slovak Republic","PPP","In 2015 constant prices at 2015 USD PPPs","A","Annual","2000","2000","USD","US Dollar","0","Units",,,4991.1812,,
"SVK","Slovak Republic","PPP","In 2015 constant prices at 2015 USD PPPs","A","Annual","2001","2001","USD","US Dollar","0","Units",,,5138.0459,,
"SVK","Slovak Republic","PPP","In 2015 constant prices at 2015 USD PPPs","A","Annual","2002","2002","USD","US Dollar","0","Units",,,5589.9028,,
"SVK","Slovak Republic","PPP","In 2015 constant prices at 2015 USD PPPs","A","Annual","2003","2003","USD","US Dollar","0","Units",,,5772.5122,,
"SVK","Slovak Republic","PPP","In 2015 constant prices at 2015 USD PPPs","A","Annual","2004","2004","USD","US Dollar","0","Units",,,5826.6079,,
"SVK","Slovak Republic","PPP","In 2015 constant prices at 2015 USD PPPs","A","Annual","2005","2005","USD","US Dollar","0","Units",,,6053.5649,,
"SVK","Slovak Republic","PPP","In 2015 constant prices at 2015 USD PPPs","A","Annual","2006","2006","USD","US Dollar","0","Units",,,6210.7881,,
"SVK","Slovak Republic","PPP","In 2015 constant prices at 2015 USD PPPs","A","Annual","2007","2007","USD","US Dollar","0","Units",,,6599.4609,,
"SVK","Slovak Republic","PPP","In 2015 constant prices at 2015 USD PPPs","A","Annual","2008","2008","USD","US Dollar","0","Units",,,6615.625,,
"SVK","Slovak Republic","PPP","In 2015 constant prices at 2015 USD PPPs","A","Annual","2009","2009","USD","US Dollar","0","Units",,,7155.2778,,
"SVK","Slovak Republic","PPP","In 2015 constant prices at 2015 USD PPPs","A","Annual","2010","2010","USD","US Dollar","0","Units",,,7380.063,,
"SVK","Slovak Republic","PPP","In 2015 constant prices at 2015 USD PPPs","A","Annual","2011","2011","USD","US Dollar","0","Units",,,7316.3691,,
"SVK","Slovak Republic","PPP","In 2015 constant prices at 2015 USD PPPs","A","Annual","2012","2012","USD","US Dollar","0","Units",,,7288.9409,,
"SVK","Slovak Republic","PPP","In 2015 constant prices at 2015 USD PPPs","A","Annual","2013","2013","USD","US Dollar","0","Units",,,7418.9419,,
"SVK","Slovak Republic","PPP","In 2015 constant prices at 2015 USD PPPs","A","Annual","2014","2014","USD","US Dollar","0","Units",,,7738.9971,,
"SVK","Slovak Republic","PPP","In 2015 constant prices at 2015 USD PPPs","A","Annual","2015","2015","USD","US Dollar","0","Units",,,8381.8604,,
"SVK","Slovak Republic","PPP","In 2015 constant prices at 2015 USD PPPs","A","Annual","2016","2016","USD","US Dollar","0","Units",,,8979.9912,,
"NLD","Netherlands","PPP","In 2015 constant prices at 2015 USD PPPs","A","Annual","1991","1991","USD","US Dollar","0","Units",,,22613.637,,
"NLD","Netherlands","PPP","In 2015 constant prices at 2015 USD PPPs","A","Annual","1992","1992","USD","US Dollar","0","Units",,,22586.33,,
"NLD","Netherlands","PPP","In 2015 constant prices at 2015 USD PPPs","A","Annual","1993","1993","USD","US Dollar","0","Units",,,22168.975,,
"NLD","Netherlands","PPP","In 2015 constant prices at 2015 USD PPPs","A","Annual","1994","1994","USD","US Dollar","0","Units",,,21564.83,,
"NLD","Netherlands","PPP","In 2015 constant prices at 2015 USD PPPs","A","Annual","1995","1995","USD","US Dollar","0","Units",,,21157.918,,
"NLD","Netherlands","PPP","In 2015 constant prices at 2015 USD PPPs","A","Annual","1996","1996","USD","US Dollar","0","Units",,,21014.754,,
"NLD","Netherlands","PPP","In 2015 constant prices at 2015 USD PPPs","A","Annual","1997","1997","USD","US Dollar","0","Units",,,20939.568,,
"NLD","Netherlands","PPP","In 2015 constant prices at 2015 USD PPPs","A","Annual","1998","1998","USD","US Dollar","0","Units",,,21084.791,,
"NLD","Netherlands","PPP","In 2015 constant prices at 2015 USD PPPs","A","Annual","1999","1999","USD","US Dollar","0","Units",,,21261.332,,
"NLD","Netherlands","PPP","In 2015 constant prices at 2015 USD PPPs","A","Annual","2000","2000","USD","US Dollar","0","Units",,,21353.031,,
"NLD","Netherlands","PPP","In 2015 constant prices at 2015 USD PPPs","A","Annual","2001","2001","USD","US Dollar","0","Units",,,21733.516,,
"NLD","Netherlands","PPP","In 2015 constant prices at 2015 USD PPPs","A","Annual","2002","2002","USD","US Dollar","0","Units",,,21972.158,,
"NLD","Netherlands","PPP","In 2015 constant prices at 2015 USD PPPs","A","Annual","2003","2003","USD","US Dollar","0","Units",,,22192.141,,
"NLD","Netherlands","PPP","In 2015 constant prices at 2015 USD PPPs","A","Annual","2004","2004","USD","US Dollar","0","Units",,,22051.078,,
"NLD","Netherlands","PPP","In 2015 constant prices at 2015 USD PPPs","A","Annual","2005","2005","USD","US Dollar","0","Units",,,21685.006,,
"NLD","Netherlands","PPP","In 2015 constant prices at 2015 USD PPPs","A","Annual","2006","2006","USD","US Dollar","0","Units",,,21681.658,,
"NLD","Netherlands","PPP","In 2015 constant prices at 2015 USD PPPs","A","Annual","2007","2007","USD","US Dollar","0","Units",,,21844.66,,
"NLD","Netherlands","PPP","In 2015 constant prices at 2015 USD PPPs","A","Annual","2008","2008","USD","US Dollar","0","Units",,,21915.264,,
"NLD","Netherlands","PPP","In 2015 constant prices at 2015 USD PPPs","A","Annual","2009","2009","USD","US Dollar","0","Units",,,22366.592,,
"NLD","Netherlands","PPP","In 2015 constant prices at 2015 USD PPPs","A","Annual","2010","2010","USD","US Dollar","0","Units",,,22433.141,,
"NLD","Netherlands","PPP","In 2015 constant prices at 2015 USD PPPs","A","Annual","2011","2011","USD","US Dollar","0","Units",,,22075.713,,
"NLD","Netherlands","PPP","In 2015 constant prices at 2015 USD PPPs","A","Annual","2012","2012","USD","US Dollar","0","Units",,,21994.473,,
"NLD","Netherlands","PPP","In 2015 constant prices at 2015 USD PPPs","A","Annual","2013","2013","USD","US Dollar","0","Units",,,21723.5,,
"NLD","Netherlands","PPP","In 2015 constant prices at 2015 USD PPPs","A","Annual","2014","2014","USD","US Dollar","0","Units",,,21820.785,,
"NLD","Netherlands","PPP","In 2015 constant prices at 2015 USD PPPs","A","Annual","2015","2015","USD","US Dollar","0","Units",,,21856.795,,
"NLD","Netherlands","PPP","In 2015 constant prices at 2015 USD PPPs","A","Annual","2016","2016","USD","US Dollar","0","Units",,,22209.799,,
"ESP","Spain","PPP","In 2015 constant prices at 2015 USD PPPs","A","Annual","1991","1991","USD","US Dollar","0","Units",,,11640.278,,
"ESP","Spain","PPP","In 2015 constant prices at 2015 USD PPPs","A","Annual","1992","1992","USD","US Dollar","0","Units",,,11614.496,,
"ESP","Spain","PPP","In 2015 constant prices at 2015 USD PPPs","A","Annual","1993","1993","USD","US Dollar","0","Units",,,11551.057,,
"ESP","Spain","PPP","In 2015 constant prices at 2015 USD PPPs","A","Annual","1994","1994","USD","US Dollar","0","Units",,,11415.049,,
"ESP","Spain","PPP","In 2015 constant prices at 2015 USD PPPs","A","Annual","1995","1995","USD","US Dollar","0","Units",,,11288.846,,
"ESP","Spain","PPP","In 2015 constant prices at 2015 USD PPPs","A","Annual","1996","1996","USD","US Dollar","0","Units",,,11286.877,,
"ESP","Spain","PPP","In 2015 constant prices at 2015 USD PPPs","A","Annual","1997","1997","USD","US Dollar","0","Units",,,11360.251,,
"ESP","Spain","PPP","In 2015 constant prices at 2015 USD PPPs","A","Annual","1998","1998","USD","US Dollar","0","Units",,,11391.692,,
"ESP","Spain","PPP","In 2015 constant prices at 2015 USD PPPs","A","Annual","1999","1999","USD","US Dollar","0","Units",,,11335.743,,
"ESP","Spain","PPP","In 2015 constant prices at 2015 USD PPPs","A","Annual","2000","2000","USD","US Dollar","0","Units",,,11182.511,,
"ESP","Spain","PPP","In 2015 constant prices at 2015 USD PPPs","A","Annual","2001","2001","USD","US Dollar","0","Units",,,11014.932,,
"ESP","Spain","PPP","In 2015 constant prices at 2015 USD PPPs","A","Annual","2002","2002","USD","US Dollar","0","Units",,,10903.028,,
"ESP","Spain","PPP","In 2015 constant prices at 2015 USD PPPs","A","Annual","2003","2003","USD","US Dollar","0","Units",,,10796.793,,
"ESP","Spain","PPP","In 2015 constant prices at 2015 USD PPPs","A","Annual","2004","2004","USD","US Dollar","0","Units",,,11045.98,,
"ESP","Spain","PPP","In 2015 constant prices at 2015 USD PPPs","A","Annual","2005","2005","USD","US Dollar","0","Units",,,11525.309,,
"ESP","Spain","PPP","In 2015 constant prices at 2015 USD PPPs","A","Annual","2006","2006","USD","US Dollar","0","Units",,,11740.059,,
"ESP","Spain","PPP","In 2015 constant prices at 2015 USD PPPs","A","Annual","2007","2007","USD","US Dollar","0","Units",,,12047.642,,
"ESP","Spain","PPP","In 2015 constant prices at 2015 USD PPPs","A","Annual","2008","2008","USD","US Dollar","0","Units",,,12172.902,,
"ESP","Spain","PPP","In 2015 constant prices at 2015 USD PPPs","A","Annual","2009","2009","USD","US Dollar","0","Units",,,12696.383,,
"ESP","Spain","PPP","In 2015 constant prices at 2015 USD PPPs","A","Annual","2010","2010","USD","US Dollar","0","Units",,,12657.498,,
"ESP","Spain","PPP","In 2015 constant prices at 2015 USD PPPs","A","Annual","2011","2011","USD","US Dollar","0","Units",,,12424.575,,
"ESP","Spain","PPP","In 2015 constant prices at 2015 USD PPPs","A","Annual","2012","2012","USD","US Dollar","0","Units",,,12127.923,,
"ESP","Spain","PPP","In 2015 constant prices at 2015 USD PPPs","A","Annual","2013","2013","USD","US Dollar","0","Units",,,12030.048,,
"ESP","Spain","PPP","In 2015 constant prices at 2015 USD PPPs","A","Annual","2014","2014","USD","US Dollar","0","Units",,,12049.553,,
"ESP","Spain","PPP","In 2015 constant prices at 2015 USD PPPs","A","Annual","2015","2015","USD","US Dollar","0","Units",,,12170.472,,
"ESP","Spain","PPP","In 2015 constant prices at 2015 USD PPPs","A","Annual","2016","2016","USD","US Dollar","0","Units",,,12317.413,,
"CZE","Czech Republic","PPP","In 2015 constant prices at 2015 USD PPPs","A","Annual","1991","1991","USD","US Dollar","0","Units",,,5264.96,,
"CZE","Czech Republic","PPP","In 2015 constant prices at 2015 USD PPPs","A","Annual","1992","1992","USD","US Dollar","0","Units",,,5213.4658,,
"CZE","Czech Republic","PPP","In 2015 constant prices at 2015 USD PPPs","A","Annual","1993","1993","USD","US Dollar","0","Units",,,4315.3169,,
"CZE","Czech Republic","PPP","In 2015 constant prices at 2015 USD PPPs","A","Annual","1994","1994","USD","US Dollar","0","Units",,,3921.6101,,
"CZE","Czech Republic","PPP","In 2015 constant prices at 2015 USD PPPs","A","Annual","1995","1995","USD","US Dollar","0","Units",,,3596.771,,
"CZE","Czech Republic","PPP","In 2015 constant prices at 2015 USD PPPs","A","Annual","1996","1996","USD","US Dollar","0","Units",,,3757.7949,,
"CZE","Czech Republic","PPP","In 2015 constant prices at 2015 USD PPPs","A","Annual","1997","1997","USD","US Dollar","0","Units",,,3460.3921,,
"CZE","Czech Republic","PPP","In 2015 constant prices at 2015 USD PPPs","A","Annual","1998","1998","USD","US Dollar","0","Units",,,3313.4199,,
"CZE","Czech Republic","PPP","In 2015 constant prices at 2015 USD PPPs","A","Annual","1999","1999","USD","US Dollar","0","Units",,,4194.2231,,
"CZE","Czech Republic","PPP","In 2015 constant prices at 2015 USD PPPs","A","Annual","2000","2000","USD","US Dollar","0","Units",,,5013.9409,,
"CZE","Czech Republic","PPP","In 2015 constant prices at 2015 USD PPPs","A","Annual","2001","2001","USD","US Dollar","0","Units",,,5635.188,,
"CZE","Czech Republic","PPP","In 2015 constant prices at 2015 USD PPPs","A","Annual","2002","2002","USD","US Dollar","0","Units",,,6305.6899,,
"CZE","Czech Republic","PPP","In 2015 constant prices at 2015 USD PPPs","A","Annual","2003","2003","USD","US Dollar","0","Units",,,6851.0391,,
"CZE","Czech Republic","PPP","In 2015 constant prices at 2015 USD PPPs","A","Annual","2004","2004","USD","US Dollar","0","Units",,,7203.6328,,
"CZE","Czech Republic","PPP","In 2015 constant prices at 2015 USD PPPs","A","Annual","2005","2005","USD","US Dollar","0","Units",,,7585.3252,,
"CZE","Czech Republic","PPP","In 2015 constant prices at 2015 USD PPPs","A","Annual","2006","2006","USD","US Dollar","0","Units",,,7991.7749,,
"CZE","Czech Republic","PPP","In 2015 constant prices at 2015 USD PPPs","A","Annual","2007","2007","USD","US Dollar","0","Units",,,8007.124,,
"CZE","Czech Republic","PPP","In 2015 constant prices at 2015 USD PPPs","A","Annual","2008","2008","USD","US Dollar","0","Units",,,7529.7798,,
"CZE","Czech Republic","PPP","In 2015 constant prices at 2015 USD PPPs","A","Annual","2009","2009","USD","US Dollar","0","Units",,,7452.7759,,
"CZE","Czech Republic","PPP","In 2015 constant prices at 2015 USD PPPs","A","Annual","2010","2010","USD","US Dollar","0","Units",,,7345.2349,,
"CZE","Czech Republic","PPP","In 2015 constant prices at 2015 USD PPPs","A","Annual","2011","2011","USD","US Dollar","0","Units",,,7206.2412,,
"CZE","Czech Republic","PPP","In 2015 constant prices at 2015 USD PPPs","A","Annual","2012","2012","USD","US Dollar","0","Units",,,6976.4521,,
"CZE","Czech Republic","PPP","In 2015 constant prices at 2015 USD PPPs","A","Annual","2013","2013","USD","US Dollar","0","Units",,,7057.999,,
"CZE","Czech Republic","PPP","In 2015 constant prices at 2015 USD PPPs","A","Annual","2014","2014","USD","US Dollar","0","Units",,,7283.0771,,
"CZE","Czech Republic","PPP","In 2015 constant prices at 2015 USD PPPs","A","Annual","2015","2015","USD","US Dollar","0","Units",,,7856.8091,,
"CZE","Czech Republic","PPP","In 2015 constant prices at 2015 USD PPPs","A","Annual","2016","2016","USD","US Dollar","0","Units",,,8399.0879,,
"DEU","Germany","PPP","In 2015 constant prices at 2015 USD PPPs","A","Annual","2015","2015","USD","US Dollar","0","Units",,,20948.197,,
"DEU","Germany","PPP","In 2015 constant prices at 2015 USD PPPs","A","Annual","2016","2016","USD","US Dollar","0","Units",,,20847.443,,
"LVA","Latvia","PPP","In 2015 constant prices at 2015 USD PPPs","A","Annual","1992","1992","USD","US Dollar","0","Units",,,285.02802,,
"LVA","Latvia","PPP","In 2015 constant prices at 2015 USD PPPs","A","Annual","1993","1993","USD","US Dollar","0","Units",,,577.24902,,
"LVA","Latvia","PPP","In 2015 constant prices at 2015 USD PPPs","A","Annual","1994","1994","USD","US Dollar","0","Units",,,994.13898,,
"LVA","Latvia","PPP","In 2015 constant prices at 2015 USD PPPs","A","Annual","1995","1995","USD","US Dollar","0","Units",,,1242.0699,,
"LVA","Latvia","PPP","In 2015 constant prices at 2015 USD PPPs","A","Annual","1996","1996","USD","US Dollar","0","Units",,,1556.342,,
"LVA","Latvia","PPP","In 2015 constant prices at 2015 USD PPPs","A","Annual","1997","1997","USD","US Dollar","0","Units",,,1643.47,,
"LVA","Latvia","PPP","In 2015 constant prices at 2015 USD PPPs","A","Annual","1998","1998","USD","US Dollar","0","Units",,,1799.22,,
"LVA","Latvia","PPP","In 2015 constant prices at 2015 USD PPPs","A","Annual","1999","1999","USD","US Dollar","0","Units",,,2120.1919,,
"LVA","Latvia","PPP","In 2015 constant prices at 2015 USD PPPs","A","Annual","2000","2000","USD","US Dollar","0","Units",,,2055.4299,,
"LVA","Latvia","PPP","In 2015 constant prices at 2015 USD PPPs","A","Annual","2001","2001","USD","US Dollar","0","Units",,,2202.3081,,
"LVA","Latvia","PPP","In 2015 constant prices at 2015 USD PPPs","A","Annual","2002","2002","USD","US Dollar","0","Units",,,2353.7,,
"LVA","Latvia","PPP","In 2015 constant prices at 2015 USD PPPs","A","Annual","2003","2003","USD","US Dollar","0","Units",,,2690.825,,
"LVA","Latvia","PPP","In 2015 constant prices at 2015 USD PPPs","A","Annual","2004","2004","USD","US Dollar","0","Units",,,3008.2749,,
"LVA","Latvia","PPP","In 2015 constant prices at 2015 USD PPPs","A","Annual","2005","2005","USD","US Dollar","0","Units",,,2935.2539,,
"LVA","Latvia","PPP","In 2015 constant prices at 2015 USD PPPs","A","Annual","2006","2006","USD","US Dollar","0","Units",,,3216.4021,,
"LVA","Latvia","PPP","In 2015 constant prices at 2015 USD PPPs","A","Annual","2007","2007","USD","US Dollar","0","Units",,,4191.6069,,
"LVA","Latvia","PPP","In 2015 constant prices at 2015 USD PPPs","A","Annual","2008","2008","USD","US Dollar","0","Units",,,5404.939,,
"LVA","Latvia","PPP","In 2015 constant prices at 2015 USD PPPs","A","Annual","2009","2009","USD","US Dollar","0","Units",,,6058.2588,,
"LVA","Latvia","PPP","In 2015 constant prices at 2015 USD PPPs","A","Annual","2010","2010","USD","US Dollar","0","Units",,,5923.5762,,
"LVA","Latvia","PPP","In 2015 constant prices at 2015 USD PPPs","A","Annual","2011","2011","USD","US Dollar","0","Units",,,6364.6709,,
"LVA","Latvia","PPP","In 2015 constant prices at 2015 USD PPPs","A","Annual","2012","2012","USD","US Dollar","0","Units",,,6199.5898,,
"LVA","Latvia","PPP","In 2015 constant prices at 2015 USD PPPs","A","Annual","2013","2013","USD","US Dollar","0","Units",,,6093.915,,
"LVA","Latvia","PPP","In 2015 constant prices at 2015 USD PPPs","A","Annual","2014","2014","USD","US Dollar","0","Units",,,6823.498,,
"LVA","Latvia","PPP","In 2015 constant prices at 2015 USD PPPs","A","Annual","2015","2015","USD","US Dollar","0","Units",,,7640.1621,,
"LVA","Latvia","PPP","In 2015 constant prices at 2015 USD PPPs","A","Annual","2016","2016","USD","US Dollar","0","Units",,,7829.6172,,
