"SOURCE","Source","BRANCH","Branch","TYPEXP","Type of Expenditure","TYPROG","Type of Programme","UNIT","Measure","COUNTRY","Country","YEAR","Year","Unit Code","Unit","PowerCode Code","PowerCode","Reference Period Code","Reference Period","Value","Flag Codes","Flags"
"50","Net Total","90","Total","0","Total","0","Total","PCT_GDP","In percentage of Gross Domestic Product","SWE","Sweden","1993","1993","PC","Percentage","0","Units",,,28.821,,
"50","Net Total","90","Total","0","Total","0","Total","PCT_GDP","In percentage of Gross Domestic Product","SWE","Sweden","1995","1995","PC","Percentage","0","Units",,,25.302,,
"50","Net Total","90","Total","0","Total","0","Total","PCT_GDP","In percentage of Gross Domestic Product","SWE","Sweden","1997","1997","PC","Percentage","0","Units",,,24.19,,
"50","Net Total","90","Total","0","Total","0","Total","PCT_GDP","In percentage of Gross Domestic Product","SWE","Sweden","1999","1999","PC","Percentage","0","Units",,,23.6,,
"50","Net Total","90","Total","0","Total","0","Total","PCT_GDP","In percentage of Gross Domestic Product","SWE","Sweden","2001","2001","PC","Percentage","0","Units",,,23.02,,
"50","Net Total","90","Total","0","Total","0","Total","PCT_GDP","In percentage of Gross Domestic Product","SWE","Sweden","2003","2003","PC","Percentage","0","Units",,,23.884,,
"50","Net Total","90","Total","0","Total","0","Total","PCT_GDP","In percentage of Gross Domestic Product","SWE","Sweden","2005","2005","PC","Percentage","0","Units",,,23.238,,
"50","Net Total","90","Total","0","Total","0","Total","PCT_GDP","In percentage of Gross Domestic Product","SWE","Sweden","2007","2007","PC","Percentage","0","Units",,,22.118,,
"50","Net Total","90","Total","0","Total","0","Total","PCT_GDP","In percentage of Gross Domestic Product","SWE","Sweden","2009","2009","PC","Percentage","0","Units",,,24.495,,
"50","Net Total","90","Total","0","Total","0","Total","PCT_GDP","In percentage of Gross Domestic Product","SWE","Sweden","2011","2011","PC","Percentage","0","Units",,,23.633,,
"50","Net Total","90","Total","0","Total","0","Total","PCT_GDP","In percentage of Gross Domestic Product","SWE","Sweden","2013","2013","PC","Percentage","0","Units",,,25.338,,
"50","Net Total","90","Total","0","Total","0","Total","PCT_GDP","In percentage of Gross Domestic Product","AUT","Austria","1995","1995","PC","Percentage","0","Units",,,22.758,,
"50","Net Total","90","Total","0","Total","0","Total","PCT_GDP","In percentage of Gross Domestic Product","AUT","Austria","1997","1997","PC","Percentage","0","Units",,,22.039,,
"50","Net Total","90","Total","0","Total","0","Total","PCT_GDP","In percentage of Gross Domestic Product","AUT","Austria","1999","1999","PC","Percentage","0","Units",,,22.171,,
"50","Net Total","90","Total","0","Total","0","Total","PCT_GDP","In percentage of Gross Domestic Product","AUT","Austria","2001","2001","PC","Percentage","0","Units",,,21.83,,
"50","Net Total","90","Total","0","Total","0","Total","PCT_GDP","In percentage of Gross Domestic Product","AUT","Austria","2003","2003","PC","Percentage","0","Units",,,22.69,,
"50","Net Total","90","Total","0","Total","0","Total","PCT_GDP","In percentage of Gross Domestic Product","AUT","Austria","2005","2005","PC","Percentage","0","Units",,,22.37,,
"50","Net Total","90","Total","0","Total","0","Total","PCT_GDP","In percentage of Gross Domestic Product","AUT","Austria","2007","2007","PC","Percentage","0","Units",,,21.971,,
"50","Net Total","90","Total","0","Total","0","Total","PCT_GDP","In percentage of Gross Domestic Product","AUT","Austria","2009","2009","PC","Percentage","0","Units",,,24.231,,
"50","Net Total","90","Total","0","Total","0","Total","PCT_GDP","In percentage of Gross Domestic Product","AUT","Austria","2011","2011","PC","Percentage","0","Units",,,23.484,,
"50","Net Total","90","Total","0","Total","0","Total","PCT_GDP","In percentage of Gross Domestic Product","AUT","Austria","2013","2013","PC","Percentage","0","Units",,,23.993,,
"50","Net Total","90","Total","0","Total","0","Total","PCT_GDP","In percentage of Gross Domestic Product","FIN","Finland","1995","1995","PC","Percentage","0","Units",,,22.229,,
"50","Net Total","90","Total","0","Total","0","Total","PCT_GDP","In percentage of Gross Domestic Product","FIN","Finland","1997","1997","PC","Percentage","0","Units",,,20.602,,
"50","Net Total","90","Total","0","Total","0","Total","PCT_GDP","In percentage of Gross Domestic Product","FIN","Finland","1999","1999","PC","Percentage","0","Units",,,18.73,,
"50","Net Total","90","Total","0","Total","0","Total","PCT_GDP","In percentage of Gross Domestic Product","FIN","Finland","2001","2001","PC","Percentage","0","Units",,,18.05,,
"50","Net Total","90","Total","0","Total","0","Total","PCT_GDP","In percentage of Gross Domestic Product","FIN","Finland","2003","2003","PC","Percentage","0","Units",,,19.193,,
"50","Net Total","90","Total","0","Total","0","Total","PCT_GDP","In percentage of Gross Domestic Product","FIN","Finland","2005","2005","PC","Percentage","0","Units",,,19.374,,
"50","Net Total","90","Total","0","Total","0","Total","PCT_GDP","In percentage of Gross Domestic Product","FIN","Finland","2007","2007","PC","Percentage","0","Units",,,18.731,,
"50","Net Total","90","Total","0","Total","0","Total","PCT_GDP","In percentage of Gross Domestic Product","FIN","Finland","2009","2009","PC","Percentage","0","Units",,,22.464,,
"50","Net Total","90","Total","0","Total","0","Total","PCT_GDP","In percentage of Gross Domestic Product","FIN","Finland","2011","2011","PC","Percentage","0","Units",,,22.355,,
"50","Net Total","90","Total","0","Total","0","Total","PCT_GDP","In percentage of Gross Domestic Product","FIN","Finland","2013","2013","PC","Percentage","0","Units",,,24.089,,
"50","Net Total","90","Total","0","Total","0","Total","PCT_GDP","In percentage of Gross Domestic Product","CHE","Switzerland","2009","2009","PC","Percentage","0","Units",,,21.922,,
"50","Net Total","90","Total","0","Total","0","Total","PCT_GDP","In percentage of Gross Domestic Product","CHE","Switzerland","2011","2011","PC","Percentage","0","Units",,,21.39,,
"50","Net Total","90","Total","0","Total","0","Total","PCT_GDP","In percentage of Gross Domestic Product","CHE","Switzerland","2013","2013","PC","Percentage","0","Units",,,21.82,,
"50","Net Total","90","Total","0","Total","0","Total","PCT_GDP","In percentage of Gross Domestic Product","GBR","United Kingdom","1997","1997","PC","Percentage","0","Units",,,21.479,,
"50","Net Total","90","Total","0","Total","0","Total","PCT_GDP","In percentage of Gross Domestic Product","GBR","United Kingdom","1999","1999","PC","Percentage","0","Units",,,21.444,,
"50","Net Total","90","Total","0","Total","0","Total","PCT_GDP","In percentage of Gross Domestic Product","GBR","United Kingdom","2001","2001","PC","Percentage","0","Units",,,22.617,,
"50","Net Total","90","Total","0","Total","0","Total","PCT_GDP","In percentage of Gross Domestic Product","GBR","United Kingdom","2003","2003","PC","Percentage","0","Units",,,22.719,,
"50","Net Total","90","Total","0","Total","0","Total","PCT_GDP","In percentage of Gross Domestic Product","GBR","United Kingdom","2005","2005","PC","Percentage","0","Units",,,22.887,,
"50","Net Total","90","Total","0","Total","0","Total","PCT_GDP","In percentage of Gross Domestic Product","GBR","United Kingdom","2007","2007","PC","Percentage","0","Units",,,22.462,,
"50","Net Total","90","Total","0","Total","0","Total","PCT_GDP","In percentage of Gross Domestic Product","GBR","United Kingdom","2009","2009","PC","Percentage","0","Units",,,26.484,,
"50","Net Total","90","Total","0","Total","0","Total","PCT_GDP","In percentage of Gross Domestic Product","GBR","United Kingdom","2011","2011","PC","Percentage","0","Units",,,25.576,,
"50","Net Total","90","Total","0","Total","0","Total","PCT_GDP","In percentage of Gross Domestic Product","GBR","United Kingdom","2013","2013","PC","Percentage","0","Units",,,25.026,,
"50","Net Total","90","Total","0","Total","0","Total","PCT_GDP","In percentage of Gross Domestic Product","EST","Estonia","2009","2009","PC","Percentage","0","Units",,,16.228,,
"50","Net Total","90","Total","0","Total","0","Total","PCT_GDP","In percentage of Gross Domestic Product","EST","Estonia","2011","2011","PC","Percentage","0","Units",,,13.664,,
"50","Net Total","90","Total","0","Total","0","Total","PCT_GDP","In percentage of Gross Domestic Product","EST","Estonia","2013","2013","PC","Percentage","0","Units",,,13.391,,
"50","Net Total","90","Total","0","Total","0","Total","PCT_GDP","In percentage of Gross Domestic Product","BEL","Belgium","1993","1993","PC","Percentage","0","Units",,,23.779,,
"50","Net Total","90","Total","0","Total","0","Total","PCT_GDP","In percentage of Gross Domestic Product","BEL","Belgium","1995","1995","PC","Percentage","0","Units",,,23.437,,
"50","Net Total","90","Total","0","Total","0","Total","PCT_GDP","In percentage of Gross Domestic Product","BEL","Belgium","1997","1997","PC","Percentage","0","Units",,,22.733,,
"50","Net Total","90","Total","0","Total","0","Total","PCT_GDP","In percentage of Gross Domestic Product","BEL","Belgium","1999","1999","PC","Percentage","0","Units",,,22.546,,
"50","Net Total","90","Total","0","Total","0","Total","PCT_GDP","In percentage of Gross Domestic Product","BEL","Belgium","2001","2001","PC","Percentage","0","Units",,,22.135,,
"50","Net Total","90","Total","0","Total","0","Total","PCT_GDP","In percentage of Gross Domestic Product","BEL","Belgium","2003","2003","PC","Percentage","0","Units",,,24.067,,
"50","Net Total","90","Total","0","Total","0","Total","PCT_GDP","In percentage of Gross Domestic Product","BEL","Belgium","2005","2005","PC","Percentage","0","Units",,,23.826,,
"50","Net Total","90","Total","0","Total","0","Total","PCT_GDP","In percentage of Gross Domestic Product","BEL","Belgium","2007","2007","PC","Percentage","0","Units",,,23.445,,
"50","Net Total","90","Total","0","Total","0","Total","PCT_GDP","In percentage of Gross Domestic Product","BEL","Belgium","2009","2009","PC","Percentage","0","Units",,,26.886,,
"50","Net Total","90","Total","0","Total","0","Total","PCT_GDP","In percentage of Gross Domestic Product","BEL","Belgium","2011","2011","PC","Percentage","0","Units",,,26.779,,
"50","Net Total","90","Total","0","Total","0","Total","PCT_GDP","In percentage of Gross Domestic Product","BEL","Belgium","2013","2013","PC","Percentage","0","Units",,,27.179,,
"50","Net Total","90","Total","0","Total","0","Total","PCT_GDP","In percentage of Gross Domestic Product","TUR","Turkey","2005","2005","PC","Percentage","0","Units",,,9.459,,
"50","Net Total","90","Total","0","Total","0","Total","PCT_GDP","In percentage of Gross Domestic Product","TUR","Turkey","2007","2007","PC","Percentage","0","Units",,,10.242,,
"50","Net Total","90","Total","0","Total","0","Total","PCT_GDP","In percentage of Gross Domestic Product","TUR","Turkey","2009","2009","PC","Percentage","0","Units",,,12.482,,
"50","Net Total","90","Total","0","Total","0","Total","PCT_GDP","In percentage of Gross Domestic Product","TUR","Turkey","2011","2011","PC","Percentage","0","Units",,,11.353,,
"50","Net Total","90","Total","0","Total","0","Total","PCT_GDP","In percentage of Gross Domestic Product","TUR","Turkey","2013","2013","PC","Percentage","0","Units",,,12.131,,
"50","Net Total","90","Total","0","Total","0","Total","PCT_GDP","In percentage of Gross Domestic Product","IRL","Ireland","1995","1995","PC","Percentage","0","Units",,,16.458,,
"50","Net Total","90","Total","0","Total","0","Total","PCT_GDP","In percentage of Gross Domestic Product","IRL","Ireland","1997","1997","PC","Percentage","0","Units",,,14.669,,
"50","Net Total","90","Total","0","Total","0","Total","PCT_GDP","In percentage of Gross Domestic Product","IRL","Ireland","1999","1999","PC","Percentage","0","Units",,,13.153,,
"50","Net Total","90","Total","0","Total","0","Total","PCT_GDP","In percentage of Gross Domestic Product","IRL","Ireland","2001","2001","PC","Percentage","0","Units",,,12.979,,
"50","Net Total","90","Total","0","Total","0","Total","PCT_GDP","In percentage of Gross Domestic Product","IRL","Ireland","2003","2003","PC","Percentage","0","Units",,,14.256,,
"50","Net Total","90","Total","0","Total","0","Total","PCT_GDP","In percentage of Gross Domestic Product","IRL","Ireland","2005","2005","PC","Percentage","0","Units",,,14.369,,
"50","Net Total","90","Total","0","Total","0","Total","PCT_GDP","In percentage of Gross Domestic Product","IRL","Ireland","2007","2007","PC","Percentage","0","Units",,,15.231,,
"50","Net Total","90","Total","0","Total","0","Total","PCT_GDP","In percentage of Gross Domestic Product","IRL","Ireland","2009","2009","PC","Percentage","0","Units",,,21.608,,
"50","Net Total","90","Total","0","Total","0","Total","PCT_GDP","In percentage of Gross Domestic Product","IRL","Ireland","2011","2011","PC","Percentage","0","Units",,,20.539,,
"50","Net Total","90","Total","0","Total","0","Total","PCT_GDP","In percentage of Gross Domestic Product","IRL","Ireland","2013","2013","PC","Percentage","0","Units",,,19.813,,
"50","Net Total","90","Total","0","Total","0","Total","PCT_GDP","In percentage of Gross Domestic Product","CAN","Canada","1995","1995","PC","Percentage","0","Units",,,20.2,,
"50","Net Total","90","Total","0","Total","0","Total","PCT_GDP","In percentage of Gross Domestic Product","CAN","Canada","1997","1997","PC","Percentage","0","Units",,,19.153,,
"50","Net Total","90","Total","0","Total","0","Total","PCT_GDP","In percentage of Gross Domestic Product","CAN","Canada","1999","1999","PC","Percentage","0","Units",,,18.536,,
"50","Net Total","90","Total","0","Total","0","Total","PCT_GDP","In percentage of Gross Domestic Product","CAN","Canada","2001","2001","PC","Percentage","0","Units",,,19.363,,
"50","Net Total","90","Total","0","Total","0","Total","PCT_GDP","In percentage of Gross Domestic Product","CAN","Canada","2003","2003","PC","Percentage","0","Units",,,19.524,,
"50","Net Total","90","Total","0","Total","0","Total","PCT_GDP","In percentage of Gross Domestic Product","CAN","Canada","2005","2005","PC","Percentage","0","Units",,,19.529,,
"50","Net Total","90","Total","0","Total","0","Total","PCT_GDP","In percentage of Gross Domestic Product","CAN","Canada","2007","2007","PC","Percentage","0","Units",,,19.761,,
"50","Net Total","90","Total","0","Total","0","Total","PCT_GDP","In percentage of Gross Domestic Product","CAN","Canada","2009","2009","PC","Percentage","0","Units",,,21.555,,
"50","Net Total","90","Total","0","Total","0","Total","PCT_GDP","In percentage of Gross Domestic Product","CAN","Canada","2011","2011","PC","Percentage","0","Units",,,20.238,,
"50","Net Total","90","Total","0","Total","0","Total","PCT_GDP","In percentage of Gross Domestic Product","CAN","Canada","2013","2013","PC","Percentage","0","Units",,,20.038,,
"50","Net Total","90","Total","0","Total","0","Total","PCT_GDP","In percentage of Gross Domestic Product","ITA","Italy","1995","1995","PC","Percentage","0","Units",,,19.149,,
"50","Net Total","90","Total","0","Total","0","Total","PCT_GDP","In percentage of Gross Domestic Product","ITA","Italy","1997","1997","PC","Percentage","0","Units",,,20.004,,
"50","Net Total","90","Total","0","Total","0","Total","PCT_GDP","In percentage of Gross Domestic Product","ITA","Italy","1999","1999","PC","Percentage","0","Units",,,20.484,,
"50","Net Total","90","Total","0","Total","0","Total","PCT_GDP","In percentage of Gross Domestic Product","ITA","Italy","2001","2001","PC","Percentage","0","Units",,,20.8,,
"50","Net Total","90","Total","0","Total","0","Total","PCT_GDP","In percentage of Gross Domestic Product","ITA","Italy","2003","2003","PC","Percentage","0","Units",,,21.715,,
"50","Net Total","90","Total","0","Total","0","Total","PCT_GDP","In percentage of Gross Domestic Product","ITA","Italy","2005","2005","PC","Percentage","0","Units",,,21.973,,
"50","Net Total","90","Total","0","Total","0","Total","PCT_GDP","In percentage of Gross Domestic Product","ITA","Italy","2007","2007","PC","Percentage","0","Units",,,21.895,,
"50","Net Total","90","Total","0","Total","0","Total","PCT_GDP","In percentage of Gross Domestic Product","ITA","Italy","2009","2009","PC","Percentage","0","Units",,,24.864,,
"50","Net Total","90","Total","0","Total","0","Total","PCT_GDP","In percentage of Gross Domestic Product","ITA","Italy","2011","2011","PC","Percentage","0","Units",,,24.199,,
"50","Net Total","90","Total","0","Total","0","Total","PCT_GDP","In percentage of Gross Domestic Product","ITA","Italy","2013","2013","PC","Percentage","0","Units",,,25.204,,
"50","Net Total","90","Total","0","Total","0","Total","PCT_GDP","In percentage of Gross Domestic Product","USA","United States","1993","1993","PC","Percentage","0","Units",,,21.926,,
"50","Net Total","90","Total","0","Total","0","Total","PCT_GDP","In percentage of Gross Domestic Product","USA","United States","1995","1995","PC","Percentage","0","Units",,,21.983,,
"50","Net Total","90","Total","0","Total","0","Total","PCT_GDP","In percentage of Gross Domestic Product","USA","United States","1997","1997","PC","Percentage","0","Units",,,21.693,,
"50","Net Total","90","Total","0","Total","0","Total","PCT_GDP","In percentage of Gross Domestic Product","USA","United States","1999","1999","PC","Percentage","0","Units",,,21.627,,
"50","Net Total","90","Total","0","Total","0","Total","PCT_GDP","In percentage of Gross Domestic Product","USA","United States","2001","2001","PC","Percentage","0","Units",,,23.028,,
"50","Net Total","90","Total","0","Total","0","Total","PCT_GDP","In percentage of Gross Domestic Product","USA","United States","2003","2003","PC","Percentage","0","Units",,,24.866,,
"50","Net Total","90","Total","0","Total","0","Total","PCT_GDP","In percentage of Gross Domestic Product","USA","United States","2005","2005","PC","Percentage","0","Units",,,24.588,,
"50","Net Total","90","Total","0","Total","0","Total","PCT_GDP","In percentage of Gross Domestic Product","USA","United States","2007","2007","PC","Percentage","0","Units",,,25.029,,
"50","Net Total","90","Total","0","Total","0","Total","PCT_GDP","In percentage of Gross Domestic Product","USA","United States","2009","2009","PC","Percentage","0","Units",,,27.886,,
"50","Net Total","90","Total","0","Total","0","Total","PCT_GDP","In percentage of Gross Domestic Product","USA","United States","2011","2011","PC","Percentage","0","Units",,,28.947,,
"50","Net Total","90","Total","0","Total","0","Total","PCT_GDP","In percentage of Gross Domestic Product","USA","United States","2013","2013","PC","Percentage","0","Units",,,28.841,,
"50","Net Total","90","Total","0","Total","0","Total","PCT_GDP","In percentage of Gross Domestic Product","POL","Poland","2005","2005","PC","Percentage","0","Units",,,17.037,,
"50","Net Total","90","Total","0","Total","0","Total","PCT_GDP","In percentage of Gross Domestic Product","POL","Poland","2007","2007","PC","Percentage","0","Units",,,15.766,,
"50","Net Total","90","Total","0","Total","0","Total","PCT_GDP","In percentage of Gross Domestic Product","POL","Poland","2009","2009","PC","Percentage","0","Units",,,18.2,,
"50","Net Total","90","Total","0","Total","0","Total","PCT_GDP","In percentage of Gross Domestic Product","POL","Poland","2011","2011","PC","Percentage","0","Units",,,16.254,,
"50","Net Total","90","Total","0","Total","0","Total","PCT_GDP","In percentage of Gross Domestic Product","LUX","Luxembourg","2003","2003","PC","Percentage","0","Units",,,19.039,,
"50","Net Total","90","Total","0","Total","0","Total","PCT_GDP","In percentage of Gross Domestic Product","LUX","Luxembourg","2005","2005","PC","Percentage","0","Units",,,18.785,,
"50","Net Total","90","Total","0","Total","0","Total","PCT_GDP","In percentage of Gross Domestic Product","LUX","Luxembourg","2007","2007","PC","Percentage","0","Units",,,16.566,,
"50","Net Total","90","Total","0","Total","0","Total","PCT_GDP","In percentage of Gross Domestic Product","LUX","Luxembourg","2009","2009","PC","Percentage","0","Units",,,20.247,,
"50","Net Total","90","Total","0","Total","0","Total","PCT_GDP","In percentage of Gross Domestic Product","LUX","Luxembourg","2011","2011","PC","Percentage","0","Units",,,18.304,,
"50","Net Total","90","Total","0","Total","0","Total","PCT_GDP","In percentage of Gross Domestic Product","LUX","Luxembourg","2013","2013","PC","Percentage","0","Units",,,18.72,,
"50","Net Total","90","Total","0","Total","0","Total","PCT_GDP","In percentage of Gross Domestic Product","GRC","Greece","2009","2009","PC","Percentage","0","Units",,,23.548,,
"50","Net Total","90","Total","0","Total","0","Total","PCT_GDP","In percentage of Gross Domestic Product","GRC","Greece","2011","2011","PC","Percentage","0","Units",,,23.875,,
"50","Net Total","90","Total","0","Total","0","Total","PCT_GDP","In percentage of Gross Domestic Product","PRT","Portugal","2003","2003","PC","Percentage","0","Units",,,21.09,,
"50","Net Total","90","Total","0","Total","0","Total","PCT_GDP","In percentage of Gross Domestic Product","PRT","Portugal","2005","2005","PC","Percentage","0","Units",,,21.786,,
"50","Net Total","90","Total","0","Total","0","Total","PCT_GDP","In percentage of Gross Domestic Product","PRT","Portugal","2007","2007","PC","Percentage","0","Units",,,21.346,,
"50","Net Total","90","Total","0","Total","0","Total","PCT_GDP","In percentage of Gross Domestic Product","PRT","Portugal","2009","2009","PC","Percentage","0","Units",,,24.319,,
"50","Net Total","90","Total","0","Total","0","Total","PCT_GDP","In percentage of Gross Domestic Product","PRT","Portugal","2011","2011","PC","Percentage","0","Units",,,23.612,,
"50","Net Total","90","Total","0","Total","0","Total","PCT_GDP","In percentage of Gross Domestic Product","PRT","Portugal","2013","2013","PC","Percentage","0","Units",,,24.131,,
"50","Net Total","90","Total","0","Total","0","Total","PCT_GDP","In percentage of Gross Domestic Product","DEU","Germany","1993","1993","PC","Percentage","0","Units",,,24.654,,
"50","Net Total","90","Total","0","Total","0","Total","PCT_GDP","In percentage of Gross Domestic Product","DEU","Germany","1995","1995","PC","Percentage","0","Units",,,24.967,,
"50","Net Total","90","Total","0","Total","0","Total","PCT_GDP","In percentage of Gross Domestic Product","DEU","Germany","1997","1997","PC","Percentage","0","Units",,,25.24,,
"50","Net Total","90","Total","0","Total","0","Total","PCT_GDP","In percentage of Gross Domestic Product","DEU","Germany","1999","1999","PC","Percentage","0","Units",,,25.391,,
"50","Net Total","90","Total","0","Total","0","Total","PCT_GDP","In percentage of Gross Domestic Product","DEU","Germany","2001","2001","PC","Percentage","0","Units",,,25.758,,
"50","Net Total","90","Total","0","Total","0","Total","PCT_GDP","In percentage of Gross Domestic Product","DEU","Germany","2003","2003","PC","Percentage","0","Units",,,26.847,,
"50","Net Total","90","Total","0","Total","0","Total","PCT_GDP","In percentage of Gross Domestic Product","DEU","Germany","2005","2005","PC","Percentage","0","Units",,,26.2,,
"50","Net Total","90","Total","0","Total","0","Total","PCT_GDP","In percentage of Gross Domestic Product","DEU","Germany","2007","2007","PC","Percentage","0","Units",,,23.883,,
"50","Net Total","90","Total","0","Total","0","Total","PCT_GDP","In percentage of Gross Domestic Product","DEU","Germany","2009","2009","PC","Percentage","0","Units",,,26.224,,
"50","Net Total","90","Total","0","Total","0","Total","PCT_GDP","In percentage of Gross Domestic Product","DEU","Germany","2011","2011","PC","Percentage","0","Units",,,24.398,,
"50","Net Total","90","Total","0","Total","0","Total","PCT_GDP","In percentage of Gross Domestic Product","DEU","Germany","2013","2013","PC","Percentage","0","Units",,,24.612,,
"50","Net Total","90","Total","0","Total","0","Total","PCT_GDP","In percentage of Gross Domestic Product","SVK","Slovak Republic","2001","2001","PC","Percentage","0","Units",,,16.646,,
"50","Net Total","90","Total","0","Total","0","Total","PCT_GDP","In percentage of Gross Domestic Product","SVK","Slovak Republic","2003","2003","PC","Percentage","0","Units",,,16.533,,
"50","Net Total","90","Total","0","Total","0","Total","PCT_GDP","In percentage of Gross Domestic Product","SVK","Slovak Republic","2005","2005","PC","Percentage","0","Units",,,15.081,,
"50","Net Total","90","Total","0","Total","0","Total","PCT_GDP","In percentage of Gross Domestic Product","SVK","Slovak Republic","2007","2007","PC","Percentage","0","Units",,,14.758,,
"50","Net Total","90","Total","0","Total","0","Total","PCT_GDP","In percentage of Gross Domestic Product","SVK","Slovak Republic","2009","2009","PC","Percentage","0","Units",,,17.702,,
"50","Net Total","90","Total","0","Total","0","Total","PCT_GDP","In percentage of Gross Domestic Product","SVK","Slovak Republic","2011","2011","PC","Percentage","0","Units",,,17.004,,
"50","Net Total","90","Total","0","Total","0","Total","PCT_GDP","In percentage of Gross Domestic Product","SVK","Slovak Republic","2013","2013","PC","Percentage","0","Units",,,17.369,,
"50","Net Total","90","Total","0","Total","0","Total","PCT_GDP","In percentage of Gross Domestic Product","ESP","Spain","2001","2001","PC","Percentage","0","Units",,,16.773,,
"50","Net Total","90","Total","0","Total","0","Total","PCT_GDP","In percentage of Gross Domestic Product","ESP","Spain","2003","2003","PC","Percentage","0","Units",,,17.765,,
"50","Net Total","90","Total","0","Total","0","Total","PCT_GDP","In percentage of Gross Domestic Product","ESP","Spain","2005","2005","PC","Percentage","0","Units",,,18.208,,
"50","Net Total","90","Total","0","Total","0","Total","PCT_GDP","In percentage of Gross Domestic Product","ESP","Spain","2007","2007","PC","Percentage","0","Units",,,18.719,,
"50","Net Total","90","Total","0","Total","0","Total","PCT_GDP","In percentage of Gross Domestic Product","ESP","Spain","2009","2009","PC","Percentage","0","Units",,,24.027,,
"50","Net Total","90","Total","0","Total","0","Total","PCT_GDP","In percentage of Gross Domestic Product","ESP","Spain","2011","2011","PC","Percentage","0","Units",,,24.265,,
"50","Net Total","90","Total","0","Total","0","Total","PCT_GDP","In percentage of Gross Domestic Product","ESP","Spain","2013","2013","PC","Percentage","0","Units",,,23.729,,
"50","Net Total","90","Total","0","Total","0","Total","PCT_GDP","In percentage of Gross Domestic Product","SVN","Slovenia","2009","2009","PC","Percentage","0","Units",,,20.755,,
"50","Net Total","90","Total","0","Total","0","Total","PCT_GDP","In percentage of Gross Domestic Product","SVN","Slovenia","2011","2011","PC","Percentage","0","Units",,,21.191,,
"50","Net Total","90","Total","0","Total","0","Total","PCT_GDP","In percentage of Gross Domestic Product","SVN","Slovenia","2013","2013","PC","Percentage","0","Units",,,21.468,,
"50","Net Total","90","Total","0","Total","0","Total","PCT_GDP","In percentage of Gross Domestic Product","NLD","Netherlands","1993","1993","PC","Percentage","0","Units",,,23.146,,
"50","Net Total","90","Total","0","Total","0","Total","PCT_GDP","In percentage of Gross Domestic Product","NLD","Netherlands","1995","1995","PC","Percentage","0","Units",,,21.733,,
"50","Net Total","90","Total","0","Total","0","Total","PCT_GDP","In percentage of Gross Domestic Product","NLD","Netherlands","1997","1997","PC","Percentage","0","Units",,,20.522,,
"50","Net Total","90","Total","0","Total","0","Total","PCT_GDP","In percentage of Gross Domestic Product","NLD","Netherlands","1999","1999","PC","Percentage","0","Units",,,20.215,,
"50","Net Total","90","Total","0","Total","0","Total","PCT_GDP","In percentage of Gross Domestic Product","NLD","Netherlands","2001","2001","PC","Percentage","0","Units",,,20.769,,
"50","Net Total","90","Total","0","Total","0","Total","PCT_GDP","In percentage of Gross Domestic Product","NLD","Netherlands","2003","2003","PC","Percentage","0","Units",,,22.085,,
"50","Net Total","90","Total","0","Total","0","Total","PCT_GDP","In percentage of Gross Domestic Product","NLD","Netherlands","2005","2005","PC","Percentage","0","Units",,,23.132,,
"50","Net Total","90","Total","0","Total","0","Total","PCT_GDP","In percentage of Gross Domestic Product","NLD","Netherlands","2007","2007","PC","Percentage","0","Units",,,22.203,,
"50","Net Total","90","Total","0","Total","0","Total","PCT_GDP","In percentage of Gross Domestic Product","NLD","Netherlands","2009","2009","PC","Percentage","0","Units",,,23.826,,
"50","Net Total","90","Total","0","Total","0","Total","PCT_GDP","In percentage of Gross Domestic Product","NLD","Netherlands","2011","2011","PC","Percentage","0","Units",,,24.339,,
"50","Net Total","90","Total","0","Total","0","Total","PCT_GDP","In percentage of Gross Domestic Product","NLD","Netherlands","2013","2013","PC","Percentage","0","Units",,,25.611,,
"50","Net Total","90","Total","0","Total","0","Total","PCT_GDP","In percentage of Gross Domestic Product","DNK","Denmark","1993","1993","PC","Percentage","0","Units",,,20.625,,
"50","Net Total","90","Total","0","Total","0","Total","PCT_GDP","In percentage of Gross Domestic Product","DNK","Denmark","1995","1995","PC","Percentage","0","Units",,,20.806,,
"50","Net Total","90","Total","0","Total","0","Total","PCT_GDP","In percentage of Gross Domestic Product","DNK","Denmark","1997","1997","PC","Percentage","0","Units",,,20.047,,
"50","Net Total","90","Total","0","Total","0","Total","PCT_GDP","In percentage of Gross Domestic Product","DNK","Denmark","1999","1999","PC","Percentage","0","Units",,,20.602,,
"50","Net Total","90","Total","0","Total","0","Total","PCT_GDP","In percentage of Gross Domestic Product","DNK","Denmark","2001","2001","PC","Percentage","0","Units",,,19.948,,
"50","Net Total","90","Total","0","Total","0","Total","PCT_GDP","In percentage of Gross Domestic Product","DNK","Denmark","2003","2003","PC","Percentage","0","Units",,,20.993,,
"50","Net Total","90","Total","0","Total","0","Total","PCT_GDP","In percentage of Gross Domestic Product","DNK","Denmark","2005","2005","PC","Percentage","0","Units",,,20.85,,
"50","Net Total","90","Total","0","Total","0","Total","PCT_GDP","In percentage of Gross Domestic Product","DNK","Denmark","2007","2007","PC","Percentage","0","Units",,,21.828,,
"50","Net Total","90","Total","0","Total","0","Total","PCT_GDP","In percentage of Gross Domestic Product","DNK","Denmark","2009","2009","PC","Percentage","0","Units",,,25.331,,
"50","Net Total","90","Total","0","Total","0","Total","PCT_GDP","In percentage of Gross Domestic Product","DNK","Denmark","2011","2011","PC","Percentage","0","Units",,,25.15,,
"50","Net Total","90","Total","0","Total","0","Total","PCT_GDP","In percentage of Gross Domestic Product","DNK","Denmark","2013","2013","PC","Percentage","0","Units",,,25.413,,
"50","Net Total","90","Total","0","Total","0","Total","PCT_GDP","In percentage of Gross Domestic Product","FRA","France","2001","2001","PC","Percentage","0","Units",,,27.144,,
"50","Net Total","90","Total","0","Total","0","Total","PCT_GDP","In percentage of Gross Domestic Product","FRA","France","2003","2003","PC","Percentage","0","Units",,,28.236,,
"50","Net Total","90","Total","0","Total","0","Total","PCT_GDP","In percentage of Gross Domestic Product","FRA","France","2005","2005","PC","Percentage","0","Units",,,29.329,,
"50","Net Total","90","Total","0","Total","0","Total","PCT_GDP","In percentage of Gross Domestic Product","FRA","France","2007","2007","PC","Percentage","0","Units",,,28.27,,
"50","Net Total","90","Total","0","Total","0","Total","PCT_GDP","In percentage of Gross Domestic Product","FRA","France","2009","2009","PC","Percentage","0","Units",,,30.787,,
"50","Net Total","90","Total","0","Total","0","Total","PCT_GDP","In percentage of Gross Domestic Product","FRA","France","2011","2011","PC","Percentage","0","Units",,,30.508,,
"50","Net Total","90","Total","0","Total","0","Total","PCT_GDP","In percentage of Gross Domestic Product","FRA","France","2013","2013","PC","Percentage","0","Units",,,31.211,,
"50","Net Total","90","Total","0","Total","0","Total","PCT_GDP","In percentage of Gross Domestic Product","NOR","Norway","1995","1995","PC","Percentage","0","Units",,,18.742,,
"50","Net Total","90","Total","0","Total","0","Total","PCT_GDP","In percentage of Gross Domestic Product","NOR","Norway","1997","1997","PC","Percentage","0","Units",,,17.717,,
"50","Net Total","90","Total","0","Total","0","Total","PCT_GDP","In percentage of Gross Domestic Product","NOR","Norway","1999","1999","PC","Percentage","0","Units",,,19.093,,
"50","Net Total","90","Total","0","Total","0","Total","PCT_GDP","In percentage of Gross Domestic Product","NOR","Norway","2001","2001","PC","Percentage","0","Units",,,18.284,,
"50","Net Total","90","Total","0","Total","0","Total","PCT_GDP","In percentage of Gross Domestic Product","NOR","Norway","2003","2003","PC","Percentage","0","Units",,,20.777,,
"50","Net Total","90","Total","0","Total","0","Total","PCT_GDP","In percentage of Gross Domestic Product","NOR","Norway","2005","2005","PC","Percentage","0","Units",,,18.19,,
"50","Net Total","90","Total","0","Total","0","Total","PCT_GDP","In percentage of Gross Domestic Product","NOR","Norway","2007","2007","PC","Percentage","0","Units",,,17.182,,
"50","Net Total","90","Total","0","Total","0","Total","PCT_GDP","In percentage of Gross Domestic Product","NOR","Norway","2009","2009","PC","Percentage","0","Units",,,19.806,,
"50","Net Total","90","Total","0","Total","0","Total","PCT_GDP","In percentage of Gross Domestic Product","NOR","Norway","2011","2011","PC","Percentage","0","Units",,,18.956,,
"50","Net Total","90","Total","0","Total","0","Total","PCT_GDP","In percentage of Gross Domestic Product","NOR","Norway","2013","2013","PC","Percentage","0","Units",,,19.266,,
"50","Net Total","90","Total","0","Total","0","Total","PCT_GDP","In percentage of Gross Domestic Product","CZE","Czech Republic","2001","2001","PC","Percentage","0","Units",,,16.979,,
"50","Net Total","90","Total","0","Total","0","Total","PCT_GDP","In percentage of Gross Domestic Product","CZE","Czech Republic","2003","2003","PC","Percentage","0","Units",,,17.899,,
"50","Net Total","90","Total","0","Total","0","Total","PCT_GDP","In percentage of Gross Domestic Product","CZE","Czech Republic","2005","2005","PC","Percentage","0","Units",,,16.995,,
"50","Net Total","90","Total","0","Total","0","Total","PCT_GDP","In percentage of Gross Domestic Product","CZE","Czech Republic","2007","2007","PC","Percentage","0","Units",,,16.469,,
"50","Net Total","90","Total","0","Total","0","Total","PCT_GDP","In percentage of Gross Domestic Product","CZE","Czech Republic","2009","2009","PC","Percentage","0","Units",,,19.3,,
"50","Net Total","90","Total","0","Total","0","Total","PCT_GDP","In percentage of Gross Domestic Product","CZE","Czech Republic","2011","2011","PC","Percentage","0","Units",,,18.91,,
"50","Net Total","90","Total","0","Total","0","Total","PCT_GDP","In percentage of Gross Domestic Product","CZE","Czech Republic","2013","2013","PC","Percentage","0","Units",,,19.116,,
"50","Net Total","90","Total","0","Total","0","Total","PCT_GDP","In percentage of Gross Domestic Product","HUN","Hungary","2009","2009","PC","Percentage","0","Units",,,19.999,,
"50","Net Total","90","Total","0","Total","0","Total","PCT_GDP","In percentage of Gross Domestic Product","HUN","Hungary","2011","2011","PC","Percentage","0","Units",,,20.277,,
"50","Net Total","90","Total","0","Total","0","Total","PCT_GDP","In percentage of Gross Domestic Product","HUN","Hungary","2013","2013","PC","Percentage","0","Units",,,19.172,,
